GROUP,PACKAGE,CLASS,INSTRUCTION_MISSED,INSTRUCTION_COVERED,BRANCH_MISSED,BRANCH_COVERED,LINE_MISSED,LINE_COVERED,COMPLEXITY_MISSED,COMPLEXITY_COVERED,METHOD_MISSED,METHOD_COVERED
AlgorithmName2,com.google.javascript.jscomp,ShowByPathWarningsGuard,92,0,14,0,21,0,13,0,6,0
AlgorithmName2,com.google.javascript.jscomp,RuntimeTypeCheck,96,0,2,0,24,0,7,0,6,0
AlgorithmName2,com.google.javascript.jscomp,LiveVariablesAnalysis,361,0,48,0,84,0,38,0,11,0
AlgorithmName2,com.google.javascript.jscomp,GoogleJsMessageIdGenerator.FP,578,0,20,0,82,0,18,0,3,0
AlgorithmName2,com.google.javascript.jscomp,FunctionInjector.CallSiteType,64,0,0,0,7,0,1,0,1,0
AlgorithmName2,com.google.javascript.jscomp,CodePrinter,69,0,12,0,17,0,8,0,2,0
AlgorithmName2,com.google.javascript.jscomp,SideEffectsAnalysis.VariableUseDeclarationMap,69,0,4,0,17,0,5,0,3,0
AlgorithmName2,com.google.javascript.jscomp,ReplaceCssNames.Traversal,320,0,30,0,64,0,19,0,3,0
AlgorithmName2,com.google.javascript.jscomp,OptimizeReturns,162,0,28,0,44,0,20,0,6,0
AlgorithmName2,com.google.javascript.jscomp,DefaultPassConfig.GlobalTypeResolver,36,0,2,0,9,0,4,0,3,0
AlgorithmName2,com.google.javascript.jscomp,PureFunctionIdentifier,644,0,104,0,166,0,63,0,11,0
AlgorithmName2,com.google.javascript.jscomp,SideEffectsAnalysis.LocationAbstractionMode,24,0,0,0,3,0,1,0,1,0
AlgorithmName2,com.google.javascript.jscomp,VariableRenamingPolicy,44,0,0,0,5,0,1,0,1,0
AlgorithmName2,com.google.javascript.jscomp,PrepareAst,123,0,26,0,36,0,19,0,6,0
AlgorithmName2,com.google.javascript.jscomp,ExternExportsPass.new Comparator() {...},12,0,0,0,2,0,2,0,2,0
AlgorithmName2,com.google.javascript.jscomp,ChainCalls,76,0,2,0,17,0,3,0,2,0
AlgorithmName2,com.google.javascript.jscomp,ProcessTweaks.TweakFunction,215,0,12,0,35,0,19,0,12,0
AlgorithmName2,com.google.javascript.jscomp,InstrumentFunctions.InstrumentCallback,156,0,18,0,41,0,11,0,2,0
AlgorithmName2,com.google.javascript.jscomp,DisambiguateProperties,476,0,58,0,103,0,41,0,12,0
AlgorithmName2,com.google.javascript.jscomp,NameAnalyzer.ClassDefiningFunctionNode,43,0,2,0,9,0,3,0,2,0
AlgorithmName2,com.google.javascript.jscomp,RemoveTryCatch,21,0,0,0,6,0,2,0,2,0
AlgorithmName2,com.google.javascript.jscomp,SymbolTable.JSDocInfoCollector,105,0,18,0,24,0,12,0,3,0
AlgorithmName2,com.google.javascript.jscomp,CheckMissingReturn,149,0,22,0,46,0,21,0,10,0
AlgorithmName2,com.google.javascript.jscomp,Normalize,187,0,4,0,35,0,9,0,7,0
AlgorithmName2,com.google.javascript.jscomp,RemoveUnusedVars,829,0,169,0,216,0,100,0,14,0
AlgorithmName2,com.google.javascript.jscomp,FunctionInfo.new Descriptors.FileDescriptor.InternalDescriptorAssigner() {...},97,0,0,0,11,0,2,0,2,0
AlgorithmName2,com.google.javascript.jscomp,TypedScopeCreator.DiscoverEnumsAndTypedefs,73,0,15,0,26,0,11,0,3,0
AlgorithmName2,com.google.javascript.jscomp,DefaultPassConfig.33.new HotSwapCompilerPass() {...},18,0,0,0,5,0,3,0,3,0
AlgorithmName2,com.google.javascript.jscomp,CheckDebuggerStatement,27,0,2,0,10,0,5,0,4,0
AlgorithmName2,com.google.javascript.jscomp,ObjectPropertyStringPreprocess,57,0,4,0,21,0,6,0,4,0
AlgorithmName2,com.google.javascript.jscomp,TypedScopeCreator.DeferredSetType,32,0,0,0,9,0,2,0,2,0
AlgorithmName2,com.google.javascript.jscomp,ControlFlowAnalysis.new Comparator() {...},24,0,0,0,2,0,2,0,2,0
AlgorithmName2,com.google.javascript.jscomp,ClosureCodingConvention,522,0,98,0,142,0,75,0,26,0
AlgorithmName2,com.google.javascript.jscomp,CrossModuleMethodMotion.IdGenerator,21,0,2,0,4,0,4,0,3,0
AlgorithmName2,com.google.javascript.jscomp,CompilerOptions.TracerMode,41,0,2,0,5,0,3,0,2,0
AlgorithmName2,com.google.javascript.jscomp,ChainCalls.GatherCallSites,133,0,30,0,41,0,17,0,2,0
AlgorithmName2,com.google.javascript.jscomp,SyntheticAst,51,0,0,0,14,0,6,0,6,0
AlgorithmName2,com.google.javascript.jscomp,CompilerInput,356,0,26,0,98,0,47,0,34,0
AlgorithmName2,com.google.javascript.jscomp,AstValidator,1467,0,151,0,445,0,159,0,66,0
AlgorithmName2,com.google.javascript.jscomp,TypedScopeCreator.AbstractScopeBuilder.CollectProperties,81,0,17,0,24,0,12,0,3,0
AlgorithmName2,com.google.javascript.jscomp,JsMessageVisitor.MalformedException,10,0,0,0,4,0,2,0,2,0
AlgorithmName2,com.google.javascript.jscomp,CallGraph,595,0,100,0,152,0,73,0,23,0
AlgorithmName2,com.google.javascript.jscomp,TightenTypes.ExternFunctionCall,29,0,0,0,6,0,2,0,2,0
AlgorithmName2,com.google.javascript.jscomp,DefinitionsRemover,146,0,44,0,36,0,25,0,3,0
AlgorithmName2,com.google.javascript.jscomp,Scope,332,0,40,0,78,0,48,0,28,0
AlgorithmName2,com.google.javascript.jscomp,NodeUtil.MayBeStringResultPredicate,6,0,0,0,2,0,2,0,2,0
AlgorithmName2,com.google.javascript.jscomp,RemoveUnusedPrototypeProperties,159,0,26,0,49,0,19,0,6,0
AlgorithmName2,com.google.javascript.jscomp,DefaultPassConfig.HotSwapPassFactory,9,0,0,0,3,0,2,0,2,0
AlgorithmName2,com.google.javascript.jscomp,ChainableReverseAbstractInterpreter.RestrictByTypeOfResultVisitor,74,0,10,0,17,0,11,0,6,0
AlgorithmName2,com.google.javascript.jscomp,CheckSideEffects.StripProtection,36,0,6,0,12,0,6,0,3,0
AlgorithmName2,com.google.javascript.jscomp,NameReferenceGraphReport,428,0,26,0,101,0,23,0,10,0
AlgorithmName2,com.google.javascript.jscomp,AbstractCommandLineRunner.RunTimeStats,126,0,4,0,27,0,6,0,4,0
AlgorithmName2,com.google.javascript.jscomp,TransformAMDToCJSModule.DefineCallbackReturnCallback,32,0,4,0,9,0,4,0,2,0
AlgorithmName2,com.google.javascript.jscomp,NameReferenceGraph.Reference,36,0,0,0,14,0,7,0,7,0
AlgorithmName2,com.google.javascript.jscomp,DiagnosticType,84,0,4,0,16,0,12,0,10,0
AlgorithmName2,com.google.javascript.jscomp,JsMessageDefinition,21,0,0,0,8,0,4,0,4,0
AlgorithmName2,com.google.javascript.jscomp,SourceInformationAnnotator,79,0,19,0,24,0,14,0,3,0
AlgorithmName2,com.google.javascript.jscomp,NameAnalyzer.FindDependencyScopes,116,0,22,0,27,0,14,0,3,0
AlgorithmName2,com.google.javascript.jscomp,ExternExportsPass.Export,302,0,43,0,81,0,32,0,10,0
AlgorithmName2,com.google.javascript.jscomp,TypeValidator.TypeMismatch,79,0,10,0,12,0,9,0,4,0
AlgorithmName2,com.google.javascript.jscomp,DefaultPassConfig.new PassFactory() {...},13,0,0,0,2,0,2,0,2,0
AlgorithmName2,com.google.javascript.jscomp,PeepholeFoldConstants,2298,0,541,0,690,0,343,0,36,0
AlgorithmName2,com.google.javascript.jscomp,DefaultPassConfig.new DefaultPassConfig.HotSwapPassFactory() {...},36,0,6,0,4,0,5,0,2,0
AlgorithmName2,com.google.javascript.jscomp,DefaultPassConfig.new DefaultPassConfig.HotSwapPassFactory() {...},13,0,0,0,2,0,2,0,2,0
AlgorithmName2,com.google.javascript.jscomp,DefaultPassConfig.new DefaultPassConfig.HotSwapPassFactory() {...},52,0,6,0,9,0,5,0,2,0
AlgorithmName2,com.google.javascript.jscomp,ConstCheck,150,0,28,0,40,0,21,0,6,0
AlgorithmName2,com.google.javascript.jscomp,DefaultPassConfig.new DefaultPassConfig.HotSwapPassFactory() {...},17,0,0,0,2,0,2,0,2,0
AlgorithmName2,com.google.javascript.jscomp,DefaultPassConfig.new DefaultPassConfig.HotSwapPassFactory() {...},17,0,0,0,2,0,2,0,2,0
AlgorithmName2,com.google.javascript.jscomp,NodeUtil.MatchShallowStatement,24,0,10,0,6,0,7,0,2,0
AlgorithmName2,com.google.javascript.jscomp,DefaultPassConfig.new PassFactory() {...},29,0,2,0,7,0,3,0,2,0
AlgorithmName2,com.google.javascript.jscomp,SimpleDefinitionFinder,416,0,84,0,115,0,56,0,14,0
AlgorithmName2,com.google.javascript.jscomp,DefaultPassConfig.20.new CompilerPass() {...},24,0,0,0,5,0,2,0,2,0
AlgorithmName2,com.google.javascript.jscomp,DefaultPassConfig.new PassFactory() {...},32,0,4,0,8,0,4,0,2,0
AlgorithmName2,com.google.javascript.jscomp,DefaultPassConfig.new PassFactory() {...},19,0,0,0,3,0,2,0,2,0
AlgorithmName2,com.google.javascript.jscomp,PhaseOptimizer.LoopInternal,227,0,28,0,50,0,20,0,6,0
AlgorithmName2,com.google.javascript.jscomp,NodeIterators.FunctionlessLocalScope,142,0,22,0,31,0,18,0,7,0
AlgorithmName2,com.google.javascript.jscomp,ConcreteType.new ConcreteType.TypeFilter() {...},16,0,2,0,2,0,3,0,2,0
AlgorithmName2,com.google.javascript.jscomp,CodingConventions.Proxy,172,0,4,0,38,0,33,0,31,0
AlgorithmName2,com.google.javascript.jscomp,ConcreteType.new ConcreteType.TypeFilter() {...},17,0,2,0,4,0,3,0,2,0
AlgorithmName2,com.google.javascript.jscomp,ConcreteType.new ConcreteType.TypeFilter() {...},16,0,2,0,2,0,3,0,2,0
AlgorithmName2,com.google.javascript.jscomp,ConcreteType.new ConcreteType.TypeFilter() {...},21,0,4,0,4,0,4,0,2,0
AlgorithmName2,com.google.javascript.jscomp,NameAnalyzer.FindReferences,464,0,114,0,128,0,65,0,8,0
AlgorithmName2,com.google.javascript.jscomp,ConcreteType.new ConcreteType.TypeFilter() {...},20,0,4,0,5,0,4,0,2,0
AlgorithmName2,com.google.javascript.jscomp,ConcreteType.new ConcreteType.TypeFilter() {...},24,0,2,0,5,0,3,0,2,0
AlgorithmName2,com.google.javascript.jscomp,ConcreteType.new ConcreteType.TypeFilter() {...},30,0,4,0,4,0,4,0,2,0
AlgorithmName2,com.google.javascript.jscomp,ObjectPropertyStringPostprocess.Callback,84,0,8,0,28,0,6,0,2,0
AlgorithmName2,com.google.javascript.jscomp,ControlFlowGraph.AbstractCfgNodeTraversalCallback,14,0,4,0,4,0,4,0,2,0
AlgorithmName2,com.google.javascript.jscomp,NameAnalyzer.HoistVariableAndFunctionDeclarations,49,0,4,0,11,0,4,0,2,0
AlgorithmName2,com.google.javascript.jscomp,DefaultPassConfig.31.new CompilerPass() {...},29,0,0,0,5,0,2,0,2,0
AlgorithmName2,com.google.javascript.jscomp,RenameProperties.Property,12,0,0,0,4,0,1,0,1,0
AlgorithmName2,com.google.javascript.jscomp,AnalyzeNameReferences,77,0,2,0,19,0,5,0,4,0
AlgorithmName2,com.google.javascript.jscomp,Scope.Arguments,35,0,4,0,7,0,5,0,3,0
AlgorithmName2,com.google.javascript.jscomp,RuntimeTypeCheck.new Comparator() {...},38,0,12,0,11,0,9,0,3,0
AlgorithmName2,com.google.javascript.jscomp,MakeDeclaredNamesUnique.BoilerplateRenamer,18,0,0,0,5,0,2,0,2,0
AlgorithmName2,com.google.javascript.jscomp,CompilerInput.DepsFinder,72,0,14,0,24,0,10,0,3,0
AlgorithmName2,com.google.javascript.jscomp,AbstractCommandLineRunner,2554,0,348,0,566,0,222,0,48,0
AlgorithmName2,com.google.javascript.jscomp,PassFactory.new PassFactory() {...},21,0,0,0,3,0,3,0,3,0
AlgorithmName2,com.google.javascript.jscomp,WarningLevel,156,0,4,0,46,0,8,0,5,0
AlgorithmName2,com.google.javascript.jscomp,ShadowVariables.GatherReferenceInfo,78,0,16,0,18,0,10,0,2,0
AlgorithmName2,com.google.javascript.jscomp,NameAnonymousFunctionsMapped.MappedFunctionNamer,67,0,4,0,14,0,6,0,4,0
AlgorithmName2,com.google.javascript.jscomp,Denormalize.StripConstantAnnotations,27,0,4,0,9,0,5,0,3,0
AlgorithmName2,com.google.javascript.jscomp,DataFlowAnalysis.MaxIterationsExceededException,4,0,0,0,2,0,1,0,1,0
AlgorithmName2,com.google.javascript.jscomp,JsMessageVisitor,1129,0,163,0,274,0,106,0,20,0
AlgorithmName2,com.google.javascript.jscomp,DefaultPassConfig.88.new CompilerPass() {...},28,0,0,0,3,0,2,0,2,0
AlgorithmName2,com.google.javascript.jscomp,AstChangeProxy,153,0,22,0,39,0,18,0,7,0
AlgorithmName2,com.google.javascript.jscomp,AmbiguateProperties.PropertyGraphNode,19,0,0,0,7,0,4,0,4,0
AlgorithmName2,com.google.javascript.jscomp,IgnoreCajaProperties.Traversal,115,0,6,0,30,0,5,0,2,0
AlgorithmName2,com.google.javascript.jscomp,ComposeWarningsGuard,233,0,30,0,58,0,25,0,10,0
AlgorithmName2,com.google.javascript.jscomp,InlineVariables,61,0,4,0,15,0,6,0,3,0
AlgorithmName2,com.google.javascript.jscomp,PeepholeOptimizationsPass,111,0,12,0,29,0,12,0,6,0
AlgorithmName2,com.google.javascript.jscomp,DefaultPassConfig.15.new CompilerPass() {...},35,0,2,0,7,0,3,0,2,0
AlgorithmName2,com.google.javascript.jscomp,AnalyzePrototypeProperties.SymbolType,24,0,0,0,3,0,1,0,1,0
AlgorithmName2,com.google.javascript.jscomp,CustomPassExecutionTime,44,0,0,0,5,0,1,0,1,0
AlgorithmName2,com.google.javascript.jscomp,NodeTraversal.AbstractShallowCallback,16,0,6,0,3,0,5,0,2,0
AlgorithmName2,com.google.javascript.jscomp,SourceFile.Generated,28,0,2,0,11,0,4,0,3,0
AlgorithmName2,com.google.javascript.jscomp,JsMessage.Style,44,0,4,0,7,0,4,0,2,0
AlgorithmName2,com.google.javascript.jscomp,FunctionRewriter.GetterReducer,56,0,12,0,16,0,9,0,3,0
AlgorithmName2,com.google.javascript.jscomp,AbstractCommandLineRunner.WarningGuardSpec.Entry,9,0,0,0,4,0,1,0,1,0
AlgorithmName2,com.google.javascript.jscomp,DotFormatter,589,0,40,0,118,0,34,0,14,0
AlgorithmName2,com.google.javascript.jscomp,CollapseVariableDeclarations.GatherCollapses,159,0,36,0,37,0,22,0,4,0
AlgorithmName2,com.google.javascript.jscomp,GlobalVarReferenceMap,352,0,38,0,88,0,27,0,8,0
AlgorithmName2,com.google.javascript.jscomp,NameAnalyzer,1616,0,230,0,362,0,147,0,27,0
AlgorithmName2,com.google.javascript.jscomp,CollapseVariableDeclarations.Collapse,12,0,0,0,5,0,1,0,1,0
AlgorithmName2,com.google.javascript.jscomp,CommandLineRunner.Flags.WarningGuardWarningOptionHandler,11,0,0,0,2,0,1,0,1,0
AlgorithmName2,com.google.javascript.jscomp,JSModuleGraph.InverseDepthComparator,12,0,0,0,2,0,2,0,2,0
AlgorithmName2,com.google.javascript.jscomp,AliasExternals.Symbol,87,0,8,0,25,0,7,0,3,0
AlgorithmName2,com.google.javascript.jscomp,SymbolTable.Reference,5,0,0,0,2,0,1,0,1,0
AlgorithmName2,com.google.javascript.jscomp,DefaultPassConfig.26.new HotSwapCompilerPass() {...},49,0,0,0,9,0,3,0,3,0
AlgorithmName2,com.google.javascript.jscomp,FunctionRewriter.IdentityReducer,49,0,12,0,16,0,9,0,3,0
AlgorithmName2,com.google.javascript.jscomp,FindExportableNodes.GenerateNodeContext,21,0,0,0,8,0,4,0,4,0
AlgorithmName2,com.google.javascript.jscomp,TypedCodeGenerator,377,0,76,0,82,0,43,0,5,0
AlgorithmName2,com.google.javascript.jscomp,CoalesceVariableNames.CombinedLiveRangeChecker,50,0,6,0,14,0,6,0,3,0
AlgorithmName2,com.google.javascript.jscomp,AnalyzePrototypeProperties.AssignmentProperty,38,0,0,0,12,0,7,0,7,0
AlgorithmName2,com.google.javascript.jscomp,FunctionRewriter.EmptyFunctionReducer,13,0,2,0,4,0,3,0,2,0
AlgorithmName2,com.google.javascript.jscomp,SymbolTable.Symbol,156,0,14,0,38,0,24,0,17,0
AlgorithmName2,com.google.javascript.jscomp,SourceExcerptProvider.SourceExcerpt,24,0,0,0,3,0,1,0,1,0
AlgorithmName2,com.google.javascript.jscomp,AliasKeywords.VoidKeywordAliasSpecification,72,0,4,0,21,0,7,0,5,0
AlgorithmName2,com.google.javascript.jscomp,InlineObjectLiterals,25,0,0,0,7,0,2,0,2,0
AlgorithmName2,com.google.javascript.jscomp,VerboseMessageFormatter,98,0,8,0,15,0,8,0,4,0
AlgorithmName2,com.google.javascript.jscomp,InlineSimpleMethods,208,0,32,0,67,0,30,0,14,0
AlgorithmName2,com.google.javascript.jscomp,AnalyzeNameReferences.PropagateReferences,43,0,6,0,10,0,5,0,2,0
AlgorithmName2,com.google.javascript.jscomp,SourceFile.OnDisk,61,0,6,0,20,0,9,0,6,0
AlgorithmName2,com.google.javascript.jscomp,XtbMessageBundle.SecureEntityResolver,8,0,0,0,1,0,1,0,1,0
AlgorithmName2,com.google.javascript.jscomp,ClosureReverseAbstractInterpreter.new ChainableReverseAbstractInterpreter.RestrictByFalseTypeOfResultVisitor() {...},11,0,0,0,3,0,3,0,3,0
AlgorithmName2,com.google.javascript.jscomp,ClosureReverseAbstractInterpreter.new Function() {...},36,0,6,0,6,0,5,0,2,0
AlgorithmName2,com.google.javascript.jscomp,ClosureReverseAbstractInterpreter.new Function() {...},36,0,6,0,6,0,5,0,2,0
AlgorithmName2,com.google.javascript.jscomp,ClosureReverseAbstractInterpreter.new Function() {...},15,0,0,0,2,0,2,0,2,0
AlgorithmName2,com.google.javascript.jscomp,ClosureReverseAbstractInterpreter.new ChainableReverseAbstractInterpreter.RestrictByTrueTypeOfResultVisitor() {...},22,0,2,0,4,0,4,0,3,0
AlgorithmName2,com.google.javascript.jscomp,ClosureReverseAbstractInterpreter.new ChainableReverseAbstractInterpreter.RestrictByFalseTypeOfResultVisitor() {...},18,0,2,0,2,0,3,0,2,0
AlgorithmName2,com.google.javascript.jscomp,ClosureReverseAbstractInterpreter.new ChainableReverseAbstractInterpreter.RestrictByTrueTypeOfResultVisitor() {...},16,0,0,0,4,0,4,0,4,0
AlgorithmName2,com.google.javascript.jscomp,SemanticReverseAbstractInterpreter.RestrictByTrueInstanceOfResultVisitor,63,0,8,0,17,0,11,0,7,0
AlgorithmName2,com.google.javascript.jscomp,InlineFunctions,706,0,136,0,185,0,88,0,20,0
AlgorithmName2,com.google.javascript.jscomp,ClosureReverseAbstractInterpreter.new Function() {...},15,0,0,0,2,0,2,0,2,0
AlgorithmName2,com.google.javascript.jscomp,ClosureReverseAbstractInterpreter.new Function() {...},15,0,0,0,2,0,2,0,2,0
AlgorithmName2,com.google.javascript.jscomp,NameAnalyzer.PrototypeSetNode,40,0,2,0,10,0,3,0,2,0
AlgorithmName2,com.google.javascript.jscomp,AstParallelizer.new Predicate() {...},6,0,0,0,2,0,2,0,2,0
AlgorithmName2,com.google.javascript.jscomp,AstParallelizer.new Supplier() {...},7,0,0,0,2,0,2,0,2,0
AlgorithmName2,com.google.javascript.jscomp,AstParallelizer.new Predicate() {...},10,0,2,0,2,0,3,0,2,0
AlgorithmName2,com.google.javascript.jscomp,DataFlowAnalysis,421,0,50,0,94,0,35,0,10,0
AlgorithmName2,com.google.javascript.jscomp,CodePrinter.MappedCodePrinter,263,0,46,0,55,0,33,0,10,0
AlgorithmName2,com.google.javascript.jscomp,AstParallelizer.new Supplier() {...},9,0,0,0,2,0,2,0,2,0
AlgorithmName2,com.google.javascript.jscomp,AstParallelizer.new Predicate() {...},5,0,0,0,2,0,2,0,2,0
AlgorithmName2,com.google.javascript.jscomp,AstParallelizer.new Predicate() {...},6,0,0,0,2,0,2,0,2,0
AlgorithmName2,com.google.javascript.jscomp,ClosureOptimizePrimitives.FindObjectCreateCalls,30,0,6,0,8,0,5,0,2,0
AlgorithmName2,com.google.javascript.jscomp,SyntacticScopeCreator,324,0,51,0,93,0,36,0,9,0
AlgorithmName2,com.google.javascript.jscomp,DefaultPassConfig.59.new CompilerPass() {...},58,0,4,0,12,0,4,0,2,0
AlgorithmName2,com.google.javascript.jscomp,FunctionTypeBuilder.ThisTypeValidator,30,0,2,0,6,0,3,0,2,0
AlgorithmName2,com.google.javascript.jscomp,CombinedCompilerPass,159,0,12,0,28,0,15,0,9,0
AlgorithmName2,com.google.javascript.jscomp,RenamePrototypes.ProcessExternedProperties,24,0,4,0,6,0,4,0,2,0
AlgorithmName2,com.google.javascript.jscomp,SourceMap,152,0,18,0,45,0,18,0,9,0
AlgorithmName2,com.google.javascript.jscomp,AnonymousFunctionNamingCallback,119,0,21,0,35,0,14,0,3,0
AlgorithmName2,com.google.javascript.jscomp,ConcreteType,248,0,30,0,58,0,39,0,24,0
AlgorithmName2,com.google.javascript.jscomp,GenerateExports,245,0,26,0,68,0,17,0,4,0
AlgorithmName2,com.google.javascript.jscomp,SideEffectsAnalysis.RawMotionEnvironment,9,0,0,0,4,0,2,0,2,0
AlgorithmName2,com.google.javascript.jscomp,PureFunctionIdentifier.SideEffectPropagationCallback,91,0,38,0,29,0,20,0,1,0
AlgorithmName2,com.google.javascript.jscomp,InlineCostEstimator,19,0,0,0,5,0,3,0,3,0
AlgorithmName2,com.google.javascript.jscomp,PassFactory,61,0,6,0,15,0,9,0,6,0
AlgorithmName2,com.google.javascript.jscomp,DisambiguateProperties.JSTypeSystem,438,0,94,0,113,0,61,0,14,0
AlgorithmName2,com.google.javascript.jscomp,JSModuleGraph.ModuleDependenceException,16,0,0,0,6,0,3,0,3,0
AlgorithmName2,com.google.javascript.jscomp,ReplaceMessages,413,0,44,0,108,0,34,0,10,0
AlgorithmName2,com.google.javascript.jscomp,AmbiguateProperties.PropertySubGraph,34,0,2,0,5,0,4,0,3,0
AlgorithmName2,com.google.javascript.jscomp,DefaultPassConfig.24.new HotSwapCompilerPass() {...},40,0,0,0,7,0,3,0,3,0
AlgorithmName2,com.google.javascript.jscomp,MakeDeclaredNamesUnique.InlineRenamer,97,0,10,0,21,0,11,0,6,0
AlgorithmName2,com.google.javascript.jscomp,Tracer.Event,146,0,10,0,29,0,8,0,3,0
AlgorithmName2,com.google.javascript.jscomp,InlineSimpleMethods.InlineTrivialAccessors,137,0,26,0,26,0,15,0,2,0
AlgorithmName2,com.google.javascript.jscomp,AliasExternals.GetAliasableNames,42,0,8,0,9,0,6,0,2,0
AlgorithmName2,com.google.javascript.jscomp,PeepholeReplaceKnownMethods,1302,0,271,0,369,0,155,0,19,0
AlgorithmName2,com.google.javascript.jscomp,JqueryCodingConvention,65,0,12,0,16,0,11,0,5,0
AlgorithmName2,com.google.javascript.jscomp,RhinoErrorReporter.NewRhinoErrorReporter,28,0,0,0,7,0,4,0,4,0
AlgorithmName2,com.google.javascript.jscomp,NodeTraversal,809,0,90,0,210,0,83,0,38,0
AlgorithmName2,com.google.javascript.jscomp,NodeTraversal.AbstractScopedCallback,7,0,0,0,4,0,4,0,4,0
AlgorithmName2,com.google.javascript.jscomp,PureFunctionIdentifier.new Predicate() {...},18,0,6,0,8,0,7,0,2,0
AlgorithmName2,com.google.javascript.jscomp,TransformAMDToCJSModule.RenameCallback,31,0,4,0,8,0,4,0,2,0
AlgorithmName2,com.google.javascript.jscomp,ExpandJqueryAliases,213,0,36,0,64,0,25,0,7,0
AlgorithmName2,com.google.javascript.jscomp,AliasKeywords.ThrowAliasSpecification,49,0,0,0,14,0,4,0,4,0
AlgorithmName2,com.google.javascript.jscomp,RemoveTryCatch.RemoveTryCatchCode,101,0,25,0,32,0,15,0,2,0
AlgorithmName2,com.google.javascript.jscomp,VarCheck,370,0,50,0,86,0,34,0,9,0
AlgorithmName2,com.google.javascript.jscomp,ControlStructureCheck,68,0,10,0,22,0,11,0,6,0
AlgorithmName2,com.google.javascript.jscomp,ControlFlowGraph,91,0,20,0,20,0,19,0,7,0
AlgorithmName2,com.google.javascript.jscomp,ObjectPropertyStringPostprocess,16,0,0,0,5,0,2,0,2,0
AlgorithmName2,com.google.javascript.jscomp,ReferenceCollectingCallback.ReferenceCollection,294,0,62,0,77,0,44,0,13,0
AlgorithmName2,com.google.javascript.jscomp,NameAnonymousFunctionsMapped,73,0,2,0,17,0,5,0,4,0
AlgorithmName2,com.google.javascript.jscomp,InlineVariables.IdentifyConstants,9,0,0,0,2,0,2,0,2,0
AlgorithmName2,com.google.javascript.jscomp,VariableNameGenerator,31,0,2,0,8,0,3,0,2,0
AlgorithmName2,com.google.javascript.jscomp,GatherSideEffectSubexpressionsCallback.CopySideEffectSubexpressions,201,0,22,0,50,0,17,0,6,0
AlgorithmName2,com.google.javascript.jscomp,FunctionRewriter.ReductionGatherer,49,0,4,0,12,0,5,0,3,0
AlgorithmName2,com.google.javascript.jscomp,SymbolTable.new Ordering() {...},26,0,4,0,3,0,4,0,2,0
AlgorithmName2,com.google.javascript.jscomp,SymbolTable.new Ordering() {...},36,0,2,0,7,0,3,0,2,0
AlgorithmName2,com.google.javascript.jscomp,SymbolTable.new NodeTraversal.AbstractScopedCallback() {...},14,0,0,0,4,0,3,0,3,0
AlgorithmName2,com.google.javascript.jscomp,SymbolTable.new Ordering() {...},25,0,2,0,6,0,3,0,2,0
AlgorithmName2,com.google.javascript.jscomp,CheckRequiresForConstructors,113,0,12,0,21,0,12,0,6,0
AlgorithmName2,com.google.javascript.jscomp,SpecializeModule.SpecializationState,149,0,28,0,47,0,26,0,12,0
AlgorithmName2,com.google.javascript.jscomp,SanityCheck,185,0,12,0,42,0,13,0,7,0
AlgorithmName2,com.google.javascript.jscomp,MustBeReachingVariableDef.MustDef,50,0,6,0,14,0,7,0,4,0
AlgorithmName2,com.google.javascript.jscomp,InstrumentFunctions.RemoveCallback,26,0,6,0,9,0,5,0,2,0
AlgorithmName2,com.google.javascript.jscomp,NameAnalyzer.FindDeclarationsAndSetters,244,0,34,0,53,0,22,0,5,0
AlgorithmName2,com.google.javascript.jscomp,EmptyMessageBundle,9,0,0,0,4,0,4,0,4,0
AlgorithmName2,com.google.javascript.jscomp,TypeInferencePass.TypeInferringCallback,41,0,4,0,13,0,7,0,5,0
AlgorithmName2,com.google.javascript.jscomp,FlowSensitiveInlineVariables.Candidate.new Predicate() {...},13,0,2,0,4,0,3,0,2,0
AlgorithmName2,com.google.javascript.jscomp,CodingConvention.SubclassRelationship,14,0,0,0,5,0,1,0,1,0
AlgorithmName2,com.google.javascript.jscomp,UseSite,30,0,4,0,7,0,5,0,3,0
AlgorithmName2,com.google.javascript.jscomp,SemanticReverseAbstractInterpreter,733,0,148,0,184,0,91,0,11,0
AlgorithmName2,com.google.javascript.jscomp,RenameProperties.ProcessProperties,350,0,68,0,79,0,43,0,7,0
AlgorithmName2,com.google.javascript.jscomp,DefinitionsRemover.ExternalNameOnlyDefinition,10,0,0,0,3,0,2,0,2,0
AlgorithmName2,com.google.javascript.jscomp,TypeInferencePass,133,0,8,0,31,0,10,0,6,0
AlgorithmName2,com.google.javascript.jscomp,FlowSensitiveInlineVariables.Candidate.new ControlFlowGraph.AbstractCfgNodeTraversalCallback() {...},45,0,11,0,10,0,8,0,2,0
AlgorithmName2,com.google.javascript.jscomp,FlowSensitiveInlineVariables.Candidate.new Predicate() {...},13,0,2,0,2,0,3,0,2,0
AlgorithmName2,com.google.javascript.jscomp,FlowSensitiveInlineVariables.Candidate.new ControlFlowGraph.AbstractCfgNodeTraversalCallback() {...},28,0,8,0,6,0,6,0,2,0
AlgorithmName2,com.google.javascript.jscomp,CoalesceVariableNames,503,0,92,0,132,0,55,0,9,0
AlgorithmName2,com.google.javascript.jscomp,RhinoErrorReporter,147,0,4,0,40,0,10,0,8,0
AlgorithmName2,com.google.javascript.jscomp,FunctionInformationMap.Module,351,0,38,0,103,0,52,0,33,0
AlgorithmName2,com.google.javascript.jscomp,SideEffectsAnalysis.new Predicate() {...},10,0,2,0,2,0,3,0,2,0
AlgorithmName2,com.google.javascript.jscomp,ParallelCompilerPass.Result,85,0,10,0,19,0,9,0,4,0
AlgorithmName2,com.google.javascript.jscomp,PeepholeSubstituteAlternateSyntax.new Predicate() {...},10,0,2,0,2,0,3,0,2,0
AlgorithmName2,com.google.javascript.jscomp,PeepholeSubstituteAlternateSyntax.new Predicate() {...},17,0,4,0,3,0,4,0,2,0
AlgorithmName2,com.google.javascript.jscomp,SideEffectsAnalysis.new Predicate() {...},19,0,6,0,3,0,5,0,2,0
AlgorithmName2,com.google.javascript.jscomp,NameAnalyzer.TriState,34,0,0,0,4,0,1,0,1,0
AlgorithmName2,com.google.javascript.jscomp,PeepholeSubstituteAlternateSyntax.new Predicate() {...},19,0,2,0,2,0,3,0,2,0
AlgorithmName2,com.google.javascript.jscomp,SideEffectsAnalysis.new Predicate() {...},16,0,4,0,2,0,4,0,2,0
AlgorithmName2,com.google.javascript.jscomp,DefaultPassConfig.9.new CompilerPass() {...},35,0,2,0,6,0,3,0,2,0
AlgorithmName2,com.google.javascript.jscomp,Instrumentation,617,0,66,0,165,0,78,0,45,0
AlgorithmName2,com.google.javascript.jscomp,BasicErrorManager.ErrorWithLevel,9,0,0,0,4,0,1,0,1,0
AlgorithmName2,com.google.javascript.jscomp,MaybeReachingVariableUse,286,0,42,0,70,0,33,0,9,0
AlgorithmName2,com.google.javascript.jscomp,ChainCalls.GatherFunctions,57,0,8,0,15,0,9,0,5,0
AlgorithmName2,com.google.javascript.jscomp,CombinedCompilerPass.CallbackWrapper,81,0,20,0,22,0,16,0,6,0
AlgorithmName2,com.google.javascript.jscomp,DataFlowAnalysis.new NodeTraversal.AbstractPostOrderCallback() {...},45,0,10,0,9,0,7,0,2,0
AlgorithmName2,com.google.javascript.jscomp,GlobalNamespace.NodeFilter,39,0,10,0,11,0,7,0,2,0
AlgorithmName2,com.google.javascript.jscomp,CollapseAnonymousFunctions.Callback,127,0,30,0,37,0,19,0,4,0
AlgorithmName2,com.google.javascript.jscomp,SourceMap.Format,44,0,0,0,5,0,1,0,1,0
AlgorithmName2,com.google.javascript.jscomp,NodeTraversal.AbstractNodeTypePruningCallback,27,0,2,0,7,0,4,0,3,0
AlgorithmName2,com.google.javascript.jscomp,VariableVisibilityAnalysis,115,0,20,0,28,0,14,0,4,0
AlgorithmName2,com.google.javascript.jscomp,FunctionRewriter,151,0,18,0,32,0,13,0,4,0
AlgorithmName2,com.google.javascript.jscomp,PureFunctionIdentifier.FunctionInformation,239,0,36,0,70,0,38,0,20,0
AlgorithmName2,com.google.javascript.jscomp,JsMessageVisitor.MessageLocation,9,0,0,0,4,0,1,0,1,0
AlgorithmName2,com.google.javascript.jscomp,GatherRawExports,66,0,14,0,22,0,12,0,5,0
AlgorithmName2,com.google.javascript.jscomp,SourceFile,422,0,42,0,107,0,50,0,29,0
AlgorithmName2,com.google.javascript.jscomp,JSModule,369,0,26,0,104,0,41,0,28,0
AlgorithmName2,com.google.javascript.jscomp,MakeDeclaredNamesUnique.ContextualRenamer,99,0,8,0,26,0,13,0,9,0
AlgorithmName2,com.google.javascript.jscomp,OptimizeReturns.new NodeUtil.Visitor() {...},47,0,8,0,12,0,6,0,2,0
AlgorithmName2,com.google.javascript.jscomp,ReplaceStrings.Config,12,0,0,0,4,0,1,0,1,0
AlgorithmName2,com.google.javascript.jscomp,FunctionInjector,933,0,189,0,258,0,117,0,19,0
AlgorithmName2,com.google.javascript.jscomp,Tracer.new Tracer.InternalClock() {...},5,0,0,0,2,0,2,0,2,0
AlgorithmName2,com.google.javascript.jscomp,NodeTraversal.AbstractShallowStatementCallback,15,0,6,0,3,0,5,0,2,0
AlgorithmName2,com.google.javascript.jscomp,CompilerOptions.NullAliasTransformationHandler.NullAliasTransformation,1,0,0,0,1,0,1,0,1,0
AlgorithmName2,com.google.javascript.jscomp,InlineFunctions.FunctionState,217,0,26,0,66,0,40,0,27,0
AlgorithmName2,com.google.javascript.jscomp,ReplaceCssNames,50,0,0,0,18,0,4,0,4,0
AlgorithmName2,com.google.javascript.jscomp,RenameVars.ProcessVars,216,0,46,0,58,0,28,0,5,0
AlgorithmName2,com.google.javascript.jscomp,StrictWarningsGuard,25,0,4,0,7,0,6,0,4,0
AlgorithmName2,com.google.javascript.jscomp,TightenTypes.NativeCallFunctionCall,79,0,8,0,19,0,6,0,2,0
AlgorithmName2,com.google.javascript.jscomp,NameGenerator,215,0,26,0,46,0,19,0,6,0
AlgorithmName2,com.google.javascript.jscomp,ProcessDefines.CollectDefines,424,0,64,0,95,0,41,0,9,0
AlgorithmName2,com.google.javascript.jscomp,InlineCostEstimator.CompiledSizeEstimator,61,0,2,0,19,0,8,0,7,0
AlgorithmName2,com.google.javascript.jscomp,InlineVariables.Mode,34,0,0,0,4,0,1,0,1,0
AlgorithmName2,com.google.javascript.jscomp,LinkedFlowScope,480,0,86,0,112,0,63,0,20,0
AlgorithmName2,com.google.javascript.jscomp,DefaultPassConfig,2321,0,286,0,422,0,166,0,22,0
AlgorithmName2,com.google.javascript.jscomp,CheckMissingGetCssName,180,0,42,0,42,0,29,0,8,0
AlgorithmName2,com.google.javascript.jscomp,SideEffectsAnalysis.LocationSummary,15,0,0,0,6,0,3,0,3,0
AlgorithmName2,com.google.javascript.jscomp,NameAnonymousFunctions,49,0,0,0,11,0,3,0,3,0
AlgorithmName2,com.google.javascript.jscomp,PeepholeCollectPropertyAssignments,403,0,97,0,124,0,59,0,10,0
AlgorithmName2,com.google.javascript.jscomp,AnalyzeNameReferences.NameInfo,59,0,8,0,18,0,8,0,4,0
AlgorithmName2,com.google.javascript.jscomp,ExtractPrototypeMemberDeclarations.ExtractionInstance,73,0,10,0,17,0,7,0,2,0
AlgorithmName2,com.google.javascript.jscomp,SemanticReverseAbstractInterpreter.RestrictByFalseInstanceOfResultVisitor,58,0,10,0,18,0,9,0,4,0
AlgorithmName2,com.google.javascript.jscomp,TightenTypes.CreateScope,888,0,143,0,208,0,88,0,12,0
AlgorithmName2,com.google.javascript.jscomp,WarningsGuard.Priority,92,0,0,0,12,0,3,0,3,0
AlgorithmName2,com.google.javascript.jscomp,ExternExportsPass.SymbolExport,23,0,2,0,7,0,3,0,2,0
AlgorithmName2,com.google.javascript.jscomp,RescopeGlobalSymbols,71,0,2,0,18,0,5,0,4,0
AlgorithmName2,com.google.javascript.jscomp,PerformanceTracker,181,0,12,0,46,0,15,0,9,0
AlgorithmName2,com.google.javascript.jscomp,GlobalNamespace,189,0,16,0,47,0,27,0,19,0
AlgorithmName2,com.google.javascript.jscomp,PreprocessorSymbolTable,80,0,2,0,20,0,11,0,10,0
AlgorithmName2,com.google.javascript.jscomp,CreateSyntheticBlocks.Marker,12,0,0,0,4,0,1,0,1,0
AlgorithmName2,com.google.javascript.jscomp,DeadAssignmentsElimination.VariableLiveness,34,0,0,0,4,0,1,0,1,0
AlgorithmName2,com.google.javascript.jscomp,FunctionNames.FunctionListExtractor,40,0,2,0,11,0,3,0,2,0
AlgorithmName2,com.google.javascript.jscomp,ReferenceCollectingCallback,230,0,25,0,52,0,27,0,14,0
AlgorithmName2,com.google.javascript.jscomp,ChainableReverseAbstractInterpreter.new Visitor() {...},98,0,4,0,17,0,16,0,14,0
AlgorithmName2,com.google.javascript.jscomp,DefaultPassConfig.39.new CompilerPass() {...},42,0,0,0,5,0,2,0,2,0
AlgorithmName2,com.google.javascript.jscomp,ChainableReverseAbstractInterpreter.new Visitor() {...},98,0,4,0,17,0,16,0,14,0
AlgorithmName2,com.google.javascript.jscomp,DefinitionsRemover.FunctionArgumentDefinition,16,0,0,0,5,0,2,0,2,0
AlgorithmName2,com.google.javascript.jscomp,MethodCompilerPass.GatherSignatures,113,0,22,0,25,0,15,0,3,0
AlgorithmName2,com.google.javascript.jscomp,ClosureOptimizePrimitives,114,0,16,0,36,0,12,0,4,0
AlgorithmName2,com.google.javascript.jscomp,AliasStrings,448,0,65,0,109,0,44,0,11,0
AlgorithmName2,com.google.javascript.jscomp,FunctionTypeBuilder.AstFunctionContents,43,0,4,0,15,0,9,0,7,0
AlgorithmName2,com.google.javascript.jscomp,NameAnalyzer.FindReferences.NodeAccumulator,54,0,4,0,18,0,7,0,5,0
AlgorithmName2,com.google.javascript.jscomp,ShadowVariables,51,0,2,0,14,0,3,0,2,0
AlgorithmName2,com.google.javascript.jscomp,MustBeReachingVariableDef.new ControlFlowGraph.AbstractCfgNodeTraversalCallback() {...},32,0,4,0,4,0,4,0,2,0
AlgorithmName2,com.google.javascript.jscomp,ScopedAliases.Traversal,501,0,86,0,119,0,58,0,15,0
AlgorithmName2,com.google.javascript.jscomp,TransformAMDToCJSModule.TransformAMDModulesCallback,413,0,68,0,105,0,41,0,7,0
AlgorithmName2,com.google.javascript.jscomp,GatherSideEffectSubexpressionsCallback,247,0,42,0,65,0,30,0,9,0
AlgorithmName2,com.google.javascript.jscomp,NodeNameExtractor,163,0,19,0,34,0,15,0,2,0
AlgorithmName2,com.google.javascript.jscomp,SymbolTable.ThisRefCollector,163,0,20,0,43,0,15,0,5,0
AlgorithmName2,com.google.javascript.jscomp,AnalyzePrototypeProperties.NameContext,12,0,0,0,4,0,1,0,1,0
AlgorithmName2,com.google.javascript.jscomp,FunctionRewriter.SetterReducer,97,0,20,0,29,0,13,0,3,0
AlgorithmName2,com.google.javascript.jscomp,PropertyRenamingPolicy,54,0,0,0,6,0,1,0,1,0
AlgorithmName2,com.google.javascript.jscomp,ProcessDefines.DefineInfo,34,0,0,0,13,0,5,0,5,0
AlgorithmName2,com.google.javascript.jscomp,UnreachableCodeElimination,259,0,59,0,76,0,40,0,9,0
AlgorithmName2,com.google.javascript.jscomp,SymbolTable.SymbolScope,197,0,34,0,44,0,33,0,16,0
AlgorithmName2,com.google.javascript.jscomp,AmbiguateProperties.PropertyGraph,67,0,4,0,14,0,8,0,6,0
AlgorithmName2,com.google.javascript.jscomp,FlowSensitiveInlineVariables.new Predicate() {...},43,0,16,0,11,0,10,0,2,0
AlgorithmName2,com.google.javascript.jscomp,ExternExportsPass,231,0,26,0,68,0,21,0,8,0
AlgorithmName2,com.google.javascript.jscomp,Result,62,0,2,0,17,0,3,0,2,0
AlgorithmName2,com.google.javascript.jscomp,CheckAccessControls,1049,0,232,0,281,0,141,0,24,0
AlgorithmName2,com.google.javascript.jscomp,DefaultPassConfig.87.new CompilerPass() {...},28,0,0,0,3,0,2,0,2,0
AlgorithmName2,com.google.javascript.jscomp,LightweightMessageFormatter,164,0,20,0,40,0,18,0,8,0
AlgorithmName2,com.google.javascript.jscomp,RenameLabels.LabelInfo,9,0,0,0,4,0,1,0,1,0
AlgorithmName2,com.google.javascript.jscomp,FunctionRewriter.Reduction,35,0,0,0,10,0,3,0,3,0
AlgorithmName2,com.google.javascript.jscomp,AnonymousFunctionNamingPolicy,58,0,0,0,8,0,3,0,3,0
AlgorithmName2,com.google.javascript.jscomp,AbstractCompiler.LifeCycleStage,58,0,8,0,7,0,8,0,4,0
AlgorithmName2,com.google.javascript.jscomp,MaybeReachingVariableUse.ReachingUses,32,0,4,0,9,0,6,0,4,0
AlgorithmName2,com.google.javascript.jscomp,FlowSensitiveInlineVariables.GatherCandiates,38,0,2,0,10,0,3,0,2,0
AlgorithmName2,com.google.javascript.jscomp,PeepholeSubstituteAlternateSyntax,2586,0,510,0,732,0,319,0,48,0
AlgorithmName2,com.google.javascript.jscomp,CheckGlobalThis,205,0,72,0,57,0,42,0,6,0
AlgorithmName2,com.google.javascript.jscomp,AnalyzePrototypeProperties.ProcessProperties,682,0,127,0,153,0,78,0,14,0
AlgorithmName2,com.google.javascript.jscomp,DefaultPassConfig.98.new CompilerPass() {...},54,0,0,0,13,0,2,0,2,0
AlgorithmName2,com.google.javascript.jscomp,ExploitAssigns,259,0,66,0,80,0,42,0,7,0
AlgorithmName2,com.google.javascript.jscomp,JSSourceFile,69,0,0,0,14,0,11,0,11,0
AlgorithmName2,com.google.javascript.jscomp,AnalyzePrototypeProperties.LiteralProperty,40,0,0,0,14,0,6,0,6,0
AlgorithmName2,com.google.javascript.jscomp,SourceFile.Preloaded,10,0,0,0,4,0,1,0,1,0
AlgorithmName2,com.google.javascript.jscomp,FunctionRewriter.ReturnConstantReducer,34,0,8,0,12,0,7,0,3,0
AlgorithmName2,com.google.javascript.jscomp,XtbMessageBundle,120,0,2,0,34,0,8,0,7,0
AlgorithmName2,com.google.javascript.jscomp,RenameVars.Assignment,30,0,2,0,9,0,3,0,2,0
AlgorithmName2,com.google.javascript.jscomp,ClosureReverseAbstractInterpreter.TypeRestriction,9,0,0,0,4,0,1,0,1,0
AlgorithmName2,com.google.javascript.jscomp,GoogleJsMessageIdGenerator.MessageId,31,0,6,0,5,0,4,0,1,0
AlgorithmName2,com.google.javascript.jscomp,IgnoreCajaProperties,19,0,0,0,6,0,2,0,2,0
AlgorithmName2,com.google.javascript.jscomp,StrictModeCheck.NonExternChecks,83,0,18,0,18,0,13,0,4,0
AlgorithmName2,com.google.javascript.jscomp,MethodCompilerPass.GetExternMethods,105,0,17,0,24,0,11,0,2,0
AlgorithmName2,com.google.javascript.jscomp,TypedScopeCreator.AbstractScopeBuilder,2336,0,543,0,571,0,309,0,32,0
AlgorithmName2,com.google.javascript.jscomp,Compiler.new Callable() {...},184,0,30,0,34,0,17,0,2,0
AlgorithmName2,com.google.javascript.jscomp,DisambiguateProperties.FindExternProperties,61,0,6,0,12,0,5,0,2,0
AlgorithmName2,com.google.javascript.jscomp,Compiler.new Callable() {...},76,0,6,0,16,0,5,0,2,0
AlgorithmName2,com.google.javascript.jscomp,CssRenamingMap.ByPart,5,0,0,0,2,0,2,0,2,0
AlgorithmName2,com.google.javascript.jscomp,WarningsGuard,10,0,0,0,4,0,4,0,4,0
AlgorithmName2,com.google.javascript.jscomp,SymbolTable.PropertyRefCollector,195,0,36,0,55,0,24,0,6,0
AlgorithmName2,com.google.javascript.jscomp,MustBeReachingVariableDef.Definition,26,0,4,0,8,0,4,0,2,0
AlgorithmName2,com.google.javascript.jscomp,SemanticReverseAbstractInterpreter.new Function() {...},17,0,4,0,4,0,4,0,2,0
AlgorithmName2,com.google.javascript.jscomp,SemanticReverseAbstractInterpreter.new Function() {...},17,0,4,0,4,0,4,0,2,0
AlgorithmName2,com.google.javascript.jscomp,RescopeGlobalSymbols.RewriteGlobalFunctionStatementsToVarAssignmentsCallback,42,0,4,0,12,0,4,0,2,0
AlgorithmName2,com.google.javascript.jscomp,SemanticReverseAbstractInterpreter.new Function() {...},20,0,0,0,4,0,2,0,2,0
AlgorithmName2,com.google.javascript.jscomp,Normalize.VerifyConstants,164,0,28,0,38,0,17,0,3,0
AlgorithmName2,com.google.javascript.jscomp,Compiler.new Callable() {...},13,0,0,0,3,0,2,0,2,0
AlgorithmName2,com.google.javascript.jscomp,Compiler.new PassFactory() {...},13,0,0,0,2,0,2,0,2,0
AlgorithmName2,com.google.javascript.jscomp,SemanticReverseAbstractInterpreter.new Function() {...},17,0,4,0,4,0,4,0,2,0
AlgorithmName2,com.google.javascript.jscomp,Compiler.new Runnable() {...},37,0,4,0,9,0,4,0,2,0
AlgorithmName2,com.google.javascript.jscomp,SemanticReverseAbstractInterpreter.new Function() {...},17,0,4,0,4,0,4,0,2,0
AlgorithmName2,com.google.javascript.jscomp,Compiler.new Callable() {...},49,0,4,0,11,0,4,0,2,0
AlgorithmName2,com.google.javascript.jscomp,NameReferenceGraph,202,0,16,0,46,0,15,0,7,0
AlgorithmName2,com.google.javascript.jscomp,Compiler.new Supplier() {...},14,0,0,0,2,0,2,0,2,0
AlgorithmName2,com.google.javascript.jscomp,Compiler.new Callable() {...},64,0,6,0,13,0,5,0,2,0
AlgorithmName2,com.google.javascript.jscomp,Compiler.new Callable() {...},62,0,2,0,12,0,3,0,2,0
AlgorithmName2,com.google.javascript.jscomp,CrossModuleCodeMotion,509,0,115,0,136,0,69,0,10,0
AlgorithmName2,com.google.javascript.jscomp,DefinitionsRemover.FunctionExpressionDefinition,17,0,0,0,6,0,2,0,2,0
AlgorithmName2,com.google.javascript.jscomp,MoveFunctionDeclarations,106,0,16,0,27,0,12,0,4,0
AlgorithmName2,com.google.javascript.jscomp,CodingConventions,5,0,0,0,1,0,1,0,1,0
AlgorithmName2,com.google.javascript.jscomp,DeadAssignmentsElimination,560,0,124,0,168,0,76,0,12,0
AlgorithmName2,com.google.javascript.jscomp,SideEffectsAnalysis.LocationAbstraction,37,0,2,0,8,0,2,0,1,0
AlgorithmName2,com.google.javascript.jscomp,BasicErrorManager.LeveledJSErrorComparator,121,0,40,0,34,0,22,0,2,0
AlgorithmName2,com.google.javascript.jscomp,ProcessCommonJSModules.SuffixVarsCallback,62,0,10,0,15,0,7,0,2,0
AlgorithmName2,com.google.javascript.jscomp,CompilationLevel,257,0,4,0,82,0,9,0,6,0
AlgorithmName2,com.google.javascript.jscomp,GlobalNamespace.Ref.Type,74,0,0,0,8,0,1,0,1,0
AlgorithmName2,com.google.javascript.jscomp,CodingConventions.DefaultCodingConvention,181,0,32,0,54,0,47,0,31,0
AlgorithmName2,com.google.javascript.jscomp,JsAst,120,0,6,0,31,0,11,0,8,0
AlgorithmName2,com.google.javascript.jscomp,Instrumentation.Builder,978,0,84,0,275,0,100,0,55,0
AlgorithmName2,com.google.javascript.jscomp,NameAnalyzer.ReferencePropagationCallback,13,0,4,0,4,0,3,0,1,0
AlgorithmName2,com.google.javascript.jscomp,CssRenamingMap.Style,24,0,0,0,3,0,1,0,1,0
AlgorithmName2,com.google.javascript.jscomp,CompilerOptions.TweakProcessing,48,0,4,0,6,0,5,0,3,0
AlgorithmName2,com.google.javascript.jscomp,ExpressionDecomposer.DecompositionType,34,0,0,0,4,0,1,0,1,0
AlgorithmName2,com.google.javascript.jscomp,ReplaceIdGenerators.Replacement,30,0,0,0,6,0,2,0,2,0
AlgorithmName2,com.google.javascript.jscomp,FieldCleanupPass.QualifiedNameSearchTraversal,68,0,14,0,19,0,11,0,4,0
AlgorithmName2,com.google.javascript.jscomp,NameAnalyzer.NameInformation,21,0,0,0,7,0,1,0,1,0
AlgorithmName2,com.google.javascript.jscomp,AmbiguateProperties.ProcessProperties,102,0,12,0,26,0,11,0,4,0
AlgorithmName2,com.google.javascript.jscomp,SimpleDefinitionFinder.DefinitionGatheringCallback,233,0,52,0,57,0,29,0,3,0
AlgorithmName2,com.google.javascript.jscomp,FindExportableNodes,115,0,26,0,30,0,18,0,4,0
AlgorithmName2,com.google.javascript.jscomp,JsMessage.Hash,789,0,30,0,67,0,32,0,6,0
AlgorithmName2,com.google.javascript.jscomp,ConcreteType.ConcreteUnionType,196,0,32,0,45,0,26,0,10,0
AlgorithmName2,com.google.javascript.jscomp,SpecializeModule.new SpecializeModule.NodeMatcher() {...},32,0,4,0,6,0,5,0,3,0
AlgorithmName2,com.google.javascript.jscomp,CreateSyntheticBlocks.Callback,156,0,16,0,30,0,10,0,2,0
AlgorithmName2,com.google.javascript.jscomp,GoogleCodingConvention,98,0,20,0,23,0,20,0,10,0
AlgorithmName2,com.google.javascript.jscomp,MakeDeclaredNamesUnique.ContextualRenameInverter,254,0,36,0,69,0,31,0,13,0
AlgorithmName2,com.google.javascript.jscomp,AliasStrings.StringInfo,166,0,30,0,37,0,18,0,3,0
AlgorithmName2,com.google.javascript.jscomp,SymbolTable,1602,0,258,0,396,0,179,0,50,0
AlgorithmName2,com.google.javascript.jscomp,JSModuleGraph,638,0,78,0,144,0,55,0,16,0
AlgorithmName2,com.google.javascript.jscomp,ControlFlowAnalysis,1530,0,274,0,389,0,192,0,39,0
AlgorithmName2,com.google.javascript.jscomp,ProcessCommonJSModules,115,0,6,0,31,0,11,0,8,0
AlgorithmName2,com.google.javascript.jscomp,AnalyzePrototypeProperties,231,0,14,0,51,0,12,0,5,0
AlgorithmName2,com.google.javascript.jscomp,AmbiguateProperties.new Comparator() {...},20,0,2,0,4,0,3,0,2,0
AlgorithmName2,com.google.javascript.jscomp,CrossModuleCodeMotion.Declaration,12,0,0,0,4,0,1,0,1,0
AlgorithmName2,com.google.javascript.jscomp,CommandLineRunner.FormattingOption,50,0,3,0,10,0,4,0,2,0
AlgorithmName2,com.google.javascript.jscomp,ReferenceCollectingCallback.new ReferenceCollectingCallback.Behavior() {...},4,0,0,0,2,0,2,0,2,0
AlgorithmName2,com.google.javascript.jscomp,DefaultPassConfig.new PassFactory() {...},20,0,0,0,3,0,2,0,2,0
AlgorithmName2,com.google.javascript.jscomp,DefaultPassConfig.new DefaultPassConfig.HotSwapPassFactory() {...},17,0,0,0,2,0,2,0,2,0
AlgorithmName2,com.google.javascript.jscomp,RenamePrototypes.new Comparator() {...},22,0,2,0,6,0,3,0,2,0
AlgorithmName2,com.google.javascript.jscomp,DefaultPassConfig.new PassFactory() {...},13,0,0,0,2,0,2,0,2,0
AlgorithmName2,com.google.javascript.jscomp,ClosureReverseAbstractInterpreter,177,0,18,0,37,0,12,0,3,0
AlgorithmName2,com.google.javascript.jscomp,Normalize.ScopeTicklingCallback,14,0,0,0,6,0,5,0,5,0
AlgorithmName2,com.google.javascript.jscomp,TransformAMDToCJSModule,55,0,6,0,16,0,8,0,5,0
AlgorithmName2,com.google.javascript.jscomp,DefaultPassConfig.new DefaultPassConfig.HotSwapPassFactory() {...},15,0,0,0,2,0,2,0,2,0
AlgorithmName2,com.google.javascript.jscomp,DefaultPassConfig.new DefaultPassConfig.HotSwapPassFactory() {...},14,0,0,0,2,0,2,0,2,0
AlgorithmName2,com.google.javascript.jscomp,DefaultPassConfig.new DefaultPassConfig.HotSwapPassFactory() {...},14,0,0,0,2,0,2,0,2,0
AlgorithmName2,com.google.javascript.jscomp,DefaultPassConfig.new DefaultPassConfig.HotSwapPassFactory() {...},14,0,0,0,2,0,2,0,2,0
AlgorithmName2,com.google.javascript.jscomp,DefaultPassConfig.new DefaultPassConfig.HotSwapPassFactory() {...},53,0,6,0,7,0,5,0,2,0
AlgorithmName2,com.google.javascript.jscomp,CommandLineRunner.Flags.WarningGuardOffOptionHandler,11,0,0,0,2,0,1,0,1,0
AlgorithmName2,com.google.javascript.jscomp,DefinitionsRemover.AssignmentDefinition,36,0,0,0,11,0,4,0,4,0
AlgorithmName2,com.google.javascript.jscomp,DefaultPassConfig.new DefaultPassConfig.HotSwapPassFactory() {...},13,0,0,0,2,0,2,0,2,0
AlgorithmName2,com.google.javascript.jscomp,DefaultPassConfig.new PassFactory() {...},14,0,0,0,2,0,2,0,2,0
AlgorithmName2,com.google.javascript.jscomp,ComposeWarningsGuard.GuardComparator,30,0,2,0,8,0,3,0,2,0
AlgorithmName2,com.google.javascript.jscomp,ScopedAliases.AliasedTypeNode,18,0,0,0,6,0,2,0,2,0
AlgorithmName2,com.google.javascript.jscomp,ExtractPrototypeMemberDeclarations.GatherExtractionInfo,75,0,12,0,17,0,9,0,3,0
AlgorithmName2,com.google.javascript.jscomp,InlineFunctions.NamedFunction,25,0,0,0,8,0,5,0,5,0
AlgorithmName2,com.google.javascript.jscomp,CallGraph.new Predicate() {...},30,0,6,0,5,0,5,0,2,0
AlgorithmName2,com.google.javascript.jscomp,TypedScopeCreator.StubDeclaration,12,0,0,0,5,0,1,0,1,0
AlgorithmName2,com.google.javascript.jscomp,CallGraph.new NodeTraversal.AbstractPostOrderCallback() {...},69,0,10,0,16,0,7,0,2,0
AlgorithmName2,com.google.javascript.jscomp,RenameLabels.LabelNamespace,8,0,0,0,2,0,1,0,1,0
AlgorithmName2,com.google.javascript.jscomp,RenameVars,603,0,72,0,135,0,48,0,12,0
AlgorithmName2,com.google.javascript.jscomp,InlineVariables.IdentifyLocals,10,0,0,0,2,0,2,0,2,0
AlgorithmName2,com.google.javascript.jscomp,CheckMissingReturn.new Predicate() {...},45,0,12,0,12,0,8,0,2,0
AlgorithmName2,com.google.javascript.jscomp,DefaultPassConfig.new DefaultPassConfig.HotSwapPassFactory() {...},34,0,0,0,5,0,2,0,2,0
AlgorithmName2,com.google.javascript.jscomp,CheckMissingReturn.new Predicate() {...},12,0,4,0,2,0,4,0,2,0
AlgorithmName2,com.google.javascript.jscomp,DefaultPassConfig.new PassFactory() {...},13,0,0,0,2,0,2,0,2,0
AlgorithmName2,com.google.javascript.jscomp,FunctionInformationMap,337,0,26,0,83,0,50,0,37,0
AlgorithmName2,com.google.javascript.jscomp,DefaultPassConfig.new PassFactory() {...},22,0,0,0,3,0,2,0,2,0
AlgorithmName2,com.google.javascript.jscomp,CodingConvention.AssertionFunctionSpec,22,0,0,0,9,0,5,0,5,0
AlgorithmName2,com.google.javascript.jscomp,DefaultPassConfig.new DefaultPassConfig.HotSwapPassFactory() {...},24,0,0,0,5,0,2,0,2,0
AlgorithmName2,com.google.javascript.jscomp,DefaultPassConfig.new PassFactory() {...},33,0,4,0,4,0,4,0,2,0
AlgorithmName2,com.google.javascript.jscomp,DefaultPassConfig.new PassFactory() {...},14,0,0,0,2,0,2,0,2,0
AlgorithmName2,com.google.javascript.jscomp,DefaultPassConfig.new PassFactory() {...},21,0,0,0,2,0,2,0,2,0
AlgorithmName2,com.google.javascript.jscomp,AmbiguateProperties.ProcessExterns,38,0,5,0,10,0,5,0,2,0
AlgorithmName2,com.google.javascript.jscomp,DefaultPassConfig.new PassFactory() {...},50,0,0,0,3,0,2,0,2,0
AlgorithmName2,com.google.javascript.jscomp,DefaultPassConfig.new PassFactory() {...},56,0,0,0,3,0,2,0,2,0
AlgorithmName2,com.google.javascript.jscomp,DefaultPassConfig.new DefaultPassConfig.HotSwapPassFactory() {...},13,0,0,0,2,0,2,0,2,0
AlgorithmName2,com.google.javascript.jscomp,AbstractMessageFormatter,60,0,5,0,16,0,10,0,7,0
AlgorithmName2,com.google.javascript.jscomp,JsMessage.Builder,226,0,20,0,57,0,28,0,18,0
AlgorithmName2,com.google.javascript.jscomp,ShadowVariables.DoShadowVariables,259,0,36,0,58,0,24,0,6,0
AlgorithmName2,com.google.javascript.jscomp,ReferenceCollectingCallback.Reference,236,0,40,0,51,0,42,0,22,0
AlgorithmName2,com.google.javascript.jscomp,NameReferenceGraphReport.DiGraphNodeComparator,50,0,8,0,12,0,6,0,2,0
AlgorithmName2,com.google.javascript.jscomp,DeadAssignmentsElimination.new Predicate() {...},20,0,8,0,4,0,6,0,2,0
AlgorithmName2,com.google.javascript.jscomp,ProcessTweaks.CollectTweaks,206,0,24,0,49,0,15,0,2,0
AlgorithmName2,com.google.javascript.jscomp,Scope.Var,226,0,30,0,60,0,44,0,29,0
AlgorithmName2,com.google.javascript.jscomp,CodePrinter.PrettyCodePrinter,208,0,28,0,66,0,33,0,17,0
AlgorithmName2,com.google.javascript.jscomp,ConcreteType.ConcreteNoneType,8,0,0,0,4,0,4,0,4,0
AlgorithmName2,com.google.javascript.jscomp,DefaultPassConfig.10.new HotSwapCompilerPass() {...},29,0,0,0,6,0,3,0,3,0
AlgorithmName2,com.google.javascript.jscomp,CodeChangeHandler.RecentChange,17,0,0,0,7,0,4,0,4,0
AlgorithmName2,com.google.javascript.jscomp,StrictModeCheck,323,0,55,0,78,0,39,0,11,0
AlgorithmName2,com.google.javascript.jscomp,ProcessClosurePrimitives.new CssRenamingMap() {...},28,0,2,0,5,0,4,0,3,0
AlgorithmName2,com.google.javascript.jscomp,DependencyOptions,65,0,8,0,19,0,14,0,10,0
AlgorithmName2,com.google.javascript.jscomp,TypeInference,2272,0,410,0,611,0,263,0,45,0
AlgorithmName2,com.google.javascript.jscomp,CommandLineRunner.Flags.WarningGuardSetter,27,0,0,0,9,0,4,0,4,0
AlgorithmName2,com.google.javascript.jscomp,GlobalNamespace.Name.Type,54,0,0,0,6,0,1,0,1,0
AlgorithmName2,com.google.javascript.jscomp,CodingConvention.Bind,12,0,0,0,5,0,1,0,1,0
AlgorithmName2,com.google.javascript.jscomp,CodingConvention.DelegateRelationship,9,0,0,0,4,0,1,0,1,0
AlgorithmName2,com.google.javascript.jscomp,StripCode.Strip,633,0,135,0,168,0,90,0,19,0
AlgorithmName2,com.google.javascript.jscomp,ChainableReverseAbstractInterpreter.RestrictByTrueTypeOfResultVisitor,23,0,0,0,9,0,9,0,9,0
AlgorithmName2,com.google.javascript.jscomp,SourceFile.Builder,68,0,0,0,14,0,9,0,9,0
AlgorithmName2,com.google.javascript.jscomp,TightenTypes.Assignment,15,0,0,0,6,0,1,0,1,0
AlgorithmName2,com.google.javascript.jscomp,PreprocessorSymbolTable.Reference,5,0,0,0,2,0,1,0,1,0
AlgorithmName2,com.google.javascript.jscomp,RuntimeTypeCheck.AddChecks,277,0,44,0,79,0,28,0,6,0
AlgorithmName2,com.google.javascript.jscomp,AliasExternals,690,0,56,0,160,0,47,0,19,0
AlgorithmName2,com.google.javascript.jscomp,RenamePrototypes.Property,132,0,28,0,29,0,19,0,5,0
AlgorithmName2,com.google.javascript.jscomp,ControlFlowAnalysis.AstControlFlowGraph,33,0,2,0,9,0,4,0,3,0
AlgorithmName2,com.google.javascript.jscomp,ExternExportsPass.PropertyExport,90,0,6,0,13,0,5,0,2,0
AlgorithmName2,com.google.javascript.jscomp,NodeIterators.LocalVarMotion,212,0,42,0,53,0,28,0,7,0
AlgorithmName2,com.google.javascript.jscomp,Compiler,3103,0,314,0,760,0,297,0,139,0
AlgorithmName2,com.google.javascript.jscomp,FunctionNames.FunctionRecord,12,0,0,0,5,0,1,0,1,0
AlgorithmName2,com.google.javascript.jscomp,InlineFunctions.Reference,15,0,0,0,5,0,1,0,1,0
AlgorithmName2,com.google.javascript.jscomp,RenameLabels,29,0,0,0,9,0,3,0,3,0
AlgorithmName2,com.google.javascript.jscomp,FunctionInformationMap.Builder,1135,0,140,0,308,0,128,0,57,0
AlgorithmName2,com.google.javascript.jscomp,AbstractMessageFormatter.Color,48,0,0,0,8,0,3,0,3,0
AlgorithmName2,com.google.javascript.jscomp,CommandLineRunner.Flags,174,0,0,0,67,0,3,0,3,0
AlgorithmName2,com.google.javascript.jscomp,FunctionRewriter.SingleReturnStatementReducer,22,0,4,0,8,0,4,0,2,0
AlgorithmName2,com.google.javascript.jscomp,ReplaceIdGenerators.GatherGenerators,107,0,20,0,26,0,12,0,2,0
AlgorithmName2,com.google.javascript.jscomp,DisambiguateProperties.FindRenameableProperties,397,0,56,0,78,0,34,0,6,0
AlgorithmName2,com.google.javascript.jscomp,TypeCheck,3235,0,495,0,767,0,310,0,41,0
AlgorithmName2,com.google.javascript.jscomp,ClosureCodeRemoval,104,0,12,0,28,0,8,0,2,0
AlgorithmName2,com.google.javascript.jscomp,DefaultPassConfig.32.new CompilerPass() {...},37,0,0,0,6,0,2,0,2,0
AlgorithmName2,com.google.javascript.jscomp,DefaultPassConfig.78.new CompilerPass() {...},27,0,0,0,5,0,2,0,2,0
AlgorithmName2,com.google.javascript.jscomp,CollapseVariableDeclarations,147,0,16,0,40,0,11,0,3,0
AlgorithmName2,com.google.javascript.jscomp,FunctionTypeBuilder.UnknownFunctionContents,18,0,0,0,7,0,7,0,7,0
AlgorithmName2,com.google.javascript.jscomp,InlineFunctions.FunctionVar,27,0,0,0,8,0,5,0,5,0
AlgorithmName2,com.google.javascript.jscomp,Normalize.NormalizeStatements,465,0,85,0,139,0,57,0,13,0
AlgorithmName2,com.google.javascript.jscomp,LightweightMessageFormatter.LineNumberingFormatter,119,0,12,0,34,0,9,0,3,0
AlgorithmName2,com.google.javascript.jscomp,InlineObjectLiterals.InliningBehavior.new NodeUtil.Visitor() {...},23,0,2,0,4,0,3,0,2,0
AlgorithmName2,com.google.javascript.jscomp,DefinitionsRemover.ObjectLiteralPropertyDefinition,40,0,2,0,13,0,5,0,4,0
AlgorithmName2,com.google.javascript.jscomp,CheckProvides,39,0,0,0,11,0,4,0,4,0
AlgorithmName2,com.google.javascript.jscomp,AstValidator.new AstValidator.ViolationHandler() {...},21,0,0,0,3,0,2,0,2,0
AlgorithmName2,com.google.javascript.jscomp,JSModuleGraph.DepthComparator,12,0,0,0,2,0,2,0,2,0
AlgorithmName2,com.google.javascript.jscomp,FunctionToBlockMutator.LabelNameSupplier,18,0,0,0,4,0,2,0,2,0
AlgorithmName2,com.google.javascript.jscomp,PerformanceTracker.CodeSizeEstimatePrinter,95,0,6,0,30,0,8,0,5,0
AlgorithmName2,com.google.javascript.jscomp,NameAnalyzer.InstanceOfCheckNode,27,0,0,0,7,0,2,0,2,0
AlgorithmName2,com.google.javascript.jscomp,MakeDeclaredNamesUnique,266,0,49,0,74,0,36,0,9,0
AlgorithmName2,com.google.javascript.jscomp,RenameProperties.new Comparator() {...},31,0,4,0,6,0,4,0,2,0
AlgorithmName2,com.google.javascript.jscomp,VariableReferenceCheck.ReferenceCheckingBehavior,244,0,44,0,64,0,25,0,3,0
AlgorithmName2,com.google.javascript.jscomp,TightenTypes.PropertyAssignAction,68,0,2,0,15,0,3,0,2,0
AlgorithmName2,com.google.javascript.jscomp,LiveVariablesAnalysis.LiveVariableLattice,60,0,4,0,15,0,9,0,7,0
AlgorithmName2,com.google.javascript.jscomp,FunctionNames,109,0,8,0,28,0,9,0,5,0
AlgorithmName2,com.google.javascript.jscomp,ErrorFormat.new ErrorFormat() {...},16,0,0,0,4,0,2,0,2,0
AlgorithmName2,com.google.javascript.jscomp,ErrorFormat.new ErrorFormat() {...},17,0,0,0,4,0,2,0,2,0
AlgorithmName2,com.google.javascript.jscomp,TypedScopeCreator.FirstOrderFunctionAnalyzer,95,0,20,0,26,0,14,0,4,0
AlgorithmName2,com.google.javascript.jscomp,ErrorFormat.new ErrorFormat() {...},13,0,0,0,4,0,2,0,2,0
AlgorithmName2,com.google.javascript.jscomp,NameAnalyzer.SpecialReferenceNode,21,0,0,0,7,0,2,0,2,0
AlgorithmName2,com.google.javascript.jscomp,RhinoErrorReporter.OldRhinoErrorReporter,5,0,0,0,2,0,1,0,1,0
AlgorithmName2,com.google.javascript.jscomp,CommandLineRunner,806,0,50,0,165,0,37,0,12,0
AlgorithmName2,com.google.javascript.jscomp,ErrorFormat.new ErrorFormat() {...},16,0,0,0,4,0,2,0,2,0
AlgorithmName2,com.google.javascript.jscomp,TypeInference.BooleanOutcomePair,63,0,12,0,15,0,9,0,3,0
AlgorithmName2,com.google.javascript.jscomp,SimpleDefinitionFinder.UseSiteGatheringCallback,41,0,2,0,10,0,3,0,2,0
AlgorithmName2,com.google.javascript.jscomp,ShowByPathWarningsGuard.ShowType,24,0,0,0,3,0,1,0,1,0
AlgorithmName2,com.google.javascript.jscomp,InvocationsCallback,30,0,6,0,11,0,5,0,2,0
AlgorithmName2,com.google.javascript.jscomp,DefinitionsRemover.NamedFunctionDefinition,10,0,0,0,4,0,2,0,2,0
AlgorithmName2,com.google.javascript.jscomp,JoinOp.BinaryJoinOp,66,0,8,0,15,0,7,0,3,0
AlgorithmName2,com.google.javascript.jscomp,LinkedFlowScope.LinkedFlowSlot,9,0,0,0,3,0,1,0,1,0
AlgorithmName2,com.google.javascript.jscomp,RuntimeTypeCheck.AddMarkers,172,0,26,0,50,0,20,0,7,0
AlgorithmName2,com.google.javascript.jscomp,MarkNoSideEffectCalls,78,0,8,0,20,0,9,0,5,0
AlgorithmName2,com.google.javascript.jscomp,GlobalNamespace.Ref,177,0,20,0,40,0,23,0,13,0
AlgorithmName2,com.google.javascript.jscomp,PhaseOptimizer.Loop,3,0,0,0,1,0,1,0,1,0
AlgorithmName2,com.google.javascript.jscomp,SideEffectsAnalysis.DegenerateLocationAbstraction.DegenerateEffectLocation,24,0,8,0,5,0,7,0,3,0
AlgorithmName2,com.google.javascript.jscomp,NodeUtil.MatchDeclaration,13,0,4,0,2,0,4,0,2,0
AlgorithmName2,com.google.javascript.jscomp,PhaseOptimizer.NamedPass,28,0,0,0,8,0,2,0,2,0
AlgorithmName2,com.google.javascript.jscomp,FlowSensitiveInlineVariables,172,0,20,0,40,0,18,0,8,0
AlgorithmName2,com.google.javascript.jscomp,DefinitionsRemover.UnknownDefinition,10,0,0,0,3,0,2,0,2,0
AlgorithmName2,com.google.javascript.jscomp,ReplaceStrings,665,0,97,0,162,0,69,0,19,0
AlgorithmName2,com.google.javascript.jscomp,RenameLabels.ProcessLabels,246,0,27,0,58,0,23,0,9,0
AlgorithmName2,com.google.javascript.jscomp,ProcessTweaks.TweakFunctionCall,27,0,0,0,9,0,3,0,3,0
AlgorithmName2,com.google.javascript.jscomp,SideEffectsAnalysis.VisibilityLocationAbstraction.new NodeTraversal.AbstractShallowCallback() {...},24,0,6,0,5,0,5,0,2,0
AlgorithmName2,com.google.javascript.jscomp,AstParallelizer.DettachPoint,49,0,4,0,12,0,4,0,2,0
AlgorithmName2,com.google.javascript.jscomp,GroupVariableDeclarations,156,0,24,0,58,0,19,0,7,0
AlgorithmName2,com.google.javascript.jscomp,PhaseOptimizer.PassFactoryDelegate,24,0,0,0,7,0,2,0,2,0
AlgorithmName2,com.google.javascript.jscomp,RecordFunctionInformation,140,0,12,0,41,0,11,0,5,0
AlgorithmName2,com.google.javascript.jscomp,NameReferenceGraphConstruction.Traversal,883,0,161,0,221,0,103,0,21,0
AlgorithmName2,com.google.javascript.jscomp,CompilerOptions,1424,0,20,0,564,0,209,0,196,0
AlgorithmName2,com.google.javascript.jscomp,NameReferenceGraphConstruction,202,0,18,0,49,0,17,0,8,0
AlgorithmName2,com.google.javascript.jscomp,NodeUtil.BooleanResultPredicate,6,0,0,0,2,0,2,0,2,0
AlgorithmName2,com.google.javascript.jscomp,ProcessCommonJSModules.ProcessCommonJsModulesCallback,259,0,22,0,60,0,18,0,7,0
AlgorithmName2,com.google.javascript.jscomp,DefaultPassConfig.38.new CompilerPass() {...},32,0,0,0,5,0,2,0,2,0
AlgorithmName2,com.google.javascript.jscomp,RemoveUnusedVars.CallSiteOptimizer,462,0,88,0,120,0,56,0,12,0
AlgorithmName2,com.google.javascript.jscomp,AmbiguateProperties,690,0,74,0,146,0,49,0,12,0
AlgorithmName2,com.google.javascript.jscomp,ChainableReverseAbstractInterpreter.RestrictByFalseTypeOfResultVisitor,43,0,0,0,10,0,10,0,10,0
AlgorithmName2,com.google.javascript.jscomp,ProcessTweaks,374,0,32,0,93,0,24,0,8,0
AlgorithmName2,com.google.javascript.jscomp,SimpleFunctionAliasAnalysis,129,0,26,0,33,0,18,0,5,0
AlgorithmName2,com.google.javascript.jscomp,InlineFunctions.Inline,78,0,8,0,22,0,7,0,3,0
AlgorithmName2,com.google.javascript.jscomp,PassConfig.State,30,0,0,0,11,0,1,0,1,0
AlgorithmName2,com.google.javascript.jscomp,DiagnosticGroupWarningsGuard,72,0,12,0,13,0,11,0,5,0
AlgorithmName2,com.google.javascript.jscomp,TightenTypes.ConcreteScope,156,0,8,0,36,0,18,0,14,0
AlgorithmName2,com.google.javascript.jscomp,AliasExternals.PropertyGatherer,143,0,40,0,25,0,24,0,4,0
AlgorithmName2,com.google.javascript.jscomp,NameAnonymousFunctions.AnonymousFunctionNamer,64,0,0,0,13,0,5,0,5,0
AlgorithmName2,com.google.javascript.jscomp,SideEffectsAnalysis.CrossModuleMotionEnvironment,5,0,0,0,3,0,2,0,2,0
AlgorithmName2,com.google.javascript.jscomp,NameAnalyzer.new Predicate() {...},10,0,2,0,4,0,3,0,2,0
AlgorithmName2,com.google.javascript.jscomp,CheckUnreachableCode,78,0,10,0,22,0,12,0,7,0
AlgorithmName2,com.google.javascript.jscomp,InlineSimpleMethods.new MethodCompilerPass.SignatureStore() {...},6,0,0,0,4,0,4,0,4,0
AlgorithmName2,com.google.javascript.jscomp,ReplaceIdGenerators.ReplaceGenerators,150,0,22,0,38,0,13,0,2,0
AlgorithmName2,com.google.javascript.jscomp,JsMessageExtractor.ExtractMessagesVisitor,27,0,2,0,8,0,4,0,3,0
AlgorithmName2,com.google.javascript.jscomp,RemoveUnusedVars.Continuation,43,0,4,0,10,0,4,0,2,0
AlgorithmName2,com.google.javascript.jscomp,DefinitionsRemover.Definition,21,0,2,0,8,0,4,0,3,0
AlgorithmName2,com.google.javascript.jscomp,AliasExternals.GlobalGatherer,83,0,26,0,20,0,15,0,2,0
AlgorithmName2,com.google.javascript.jscomp,FunctionTypeBuilder,1164,0,218,0,279,0,131,0,22,0
AlgorithmName2,com.google.javascript.jscomp,CollapseProperties,1430,0,260,0,363,0,155,0,24,0
AlgorithmName2,com.google.javascript.jscomp,Tracer.AtomicTracerStatMap,50,0,6,0,12,0,6,0,3,0
AlgorithmName2,com.google.javascript.jscomp,Normalize.PropagateConstantAnnotationsOverVars,101,0,18,0,25,0,12,0,3,0
AlgorithmName2,com.google.javascript.jscomp,DataFlowAnalysis.BranchedFlowState,78,0,2,0,19,0,8,0,7,0
AlgorithmName2,com.google.javascript.jscomp,RecordFunctionInformation.new Comparator() {...},12,0,0,0,2,0,2,0,2,0
AlgorithmName2,com.google.javascript.jscomp,DisambiguateProperties.Warnings,8,0,0,0,2,0,2,0,2,0
AlgorithmName2,com.google.javascript.jscomp,ProcessClosurePrimitives.UnrecognizedRequire,15,0,0,0,5,0,1,0,1,0
AlgorithmName2,com.google.javascript.jscomp,SideEffectsAnalysis.VisibilityLocationAbstraction.VisibilityBasedEffectLocation,49,0,4,0,12,0,6,0,4,0
AlgorithmName2,com.google.javascript.jscomp,NameAnalyzer.RefType,24,0,0,0,3,0,1,0,1,0
AlgorithmName2,com.google.javascript.jscomp,CompilerOptions.NullAliasTransformationHandler,11,0,0,0,3,0,2,0,2,0
AlgorithmName2,com.google.javascript.jscomp,CompilerOptions.LanguageMode,34,0,0,0,4,0,1,0,1,0
AlgorithmName2,com.google.javascript.jscomp,SourceExcerptProvider.SourceExcerpt.new SourceExcerptProvider.SourceExcerpt() {...},13,0,0,0,3,0,2,0,2,0
AlgorithmName2,com.google.javascript.jscomp,InlineVariables.AliasCandidate,9,0,0,0,4,0,1,0,1,0
AlgorithmName2,com.google.javascript.jscomp,SourceExcerptProvider.SourceExcerpt.new SourceExcerptProvider.SourceExcerpt() {...},14,0,0,0,3,0,2,0,2,0
AlgorithmName2,com.google.javascript.jscomp,NodeUtil.NumbericResultPredicate,6,0,0,0,2,0,2,0,2,0
AlgorithmName2,com.google.javascript.jscomp,CheckRegExp,113,0,24,0,27,0,17,0,5,0
AlgorithmName2,com.google.javascript.jscomp,LinkedFlowScope.FlowScopeJoinOp,34,0,2,0,8,0,3,0,2,0
AlgorithmName2,com.google.javascript.jscomp,ReplaceIdGenerators,148,0,12,0,35,0,10,0,4,0
AlgorithmName2,com.google.javascript.jscomp,DisambiguateProperties.ConcreteTypeSystem,327,0,64,0,76,0,48,0,16,0
AlgorithmName2,com.google.javascript.jscomp,InlineFunctions.CallVisitor,80,0,16,0,24,0,10,0,2,0
AlgorithmName2,com.google.javascript.jscomp,ParallelCompilerPass.new Thread() {...},21,0,0,0,3,0,2,0,2,0
AlgorithmName2,com.google.javascript.jscomp,PureFunctionIdentifier.Driver,74,0,4,0,22,0,4,0,2,0
AlgorithmName2,com.google.javascript.jscomp,FieldCleanupPass,27,0,0,0,9,0,3,0,3,0
AlgorithmName2,com.google.javascript.jscomp,DefaultPassConfig.25.new HotSwapCompilerPass() {...},41,0,0,0,7,0,3,0,3,0
AlgorithmName2,com.google.javascript.jscomp,InstrumentationTemplate.new Descriptors.FileDescriptor.InternalDescriptorAssigner() {...},47,0,0,0,5,0,2,0,2,0
AlgorithmName2,com.google.javascript.jscomp,CodeConsumer,334,0,64,0,111,0,64,0,32,0
AlgorithmName2,com.google.javascript.jscomp,SimpleRegion,21,0,0,0,8,0,4,0,4,0
AlgorithmName2,com.google.javascript.jscomp,SourceMap.LocationMapping,9,0,0,0,4,0,1,0,1,0
AlgorithmName2,com.google.javascript.jscomp,ClosureCodeRemoval.RemovableAssignment,77,0,8,0,22,0,6,0,2,0
AlgorithmName2,com.google.javascript.jscomp,RemoveUnusedClassProperties,200,0,45,0,49,0,29,0,6,0
AlgorithmName2,com.google.javascript.jscomp,DevirtualizePrototypeMethods,503,0,84,0,146,0,55,0,13,0
AlgorithmName2,com.google.javascript.jscomp,Strings,63,0,14,0,12,0,10,0,3,0
AlgorithmName2,com.google.javascript.jscomp,StripCode,50,0,0,0,14,0,4,0,4,0
AlgorithmName2,com.google.javascript.jscomp,FunctionArgumentInjector,474,0,98,0,119,0,61,0,11,0
AlgorithmName2,com.google.javascript.jscomp,TightenTypes.VariableAssignAction,36,0,0,0,8,0,2,0,2,0
AlgorithmName2,com.google.javascript.jscomp,OptimizeParameters,699,0,122,0,198,0,80,0,18,0
AlgorithmName2,com.google.javascript.jscomp,ReplaceStrings.Location,15,0,0,0,5,0,1,0,1,0
AlgorithmName2,com.google.javascript.jscomp,PassConfig,227,0,20,0,56,0,23,0,13,0
AlgorithmName2,com.google.javascript.jscomp,FunctionNames.FunctionExpressionNamer,53,0,4,0,11,0,7,0,5,0
AlgorithmName2,com.google.javascript.jscomp,SpecializeModule.NodeMatcher,31,0,4,0,10,0,4,0,2,0
AlgorithmName2,com.google.javascript.jscomp,LinkedFlowScope.FlatFlowScopeCache,204,0,24,0,49,0,16,0,4,0
AlgorithmName2,com.google.javascript.jscomp,ConcreteType.ConcreteFunctionType,244,0,30,0,57,0,30,0,15,0
AlgorithmName2,com.google.javascript.jscomp,CheckUnreachableCode.ReachablePredicate,46,0,10,0,11,0,7,0,2,0
AlgorithmName2,com.google.javascript.jscomp,AmbiguateProperties.Property,100,0,16,0,25,0,11,0,3,0
AlgorithmName2,com.google.javascript.jscomp,AliasExternals.GetGlobals,85,0,21,0,20,0,14,0,3,0
AlgorithmName2,com.google.javascript.jscomp,PeepholeSimplifyRegExp,118,0,26,0,27,0,15,0,2,0
AlgorithmName2,com.google.javascript.jscomp,FunctionTypeBuilder.ImplementedTypeValidator,74,0,8,0,14,0,6,0,2,0
AlgorithmName2,com.google.javascript.jscomp,AnalyzePrototypeProperties.PropagateReferences,31,0,6,0,8,0,5,0,2,0
AlgorithmName2,com.google.javascript.jscomp,PassConfig.PassConfigDelegate,33,0,0,0,10,0,7,0,7,0
AlgorithmName2,com.google.javascript.jscomp,RenameVars.new Comparator() {...},19,0,2,0,4,0,3,0,2,0
AlgorithmName2,com.google.javascript.jscomp,RescopeGlobalSymbols.RemoveGlobalVarCallback,122,0,18,0,28,0,12,0,3,0
AlgorithmName2,com.google.javascript.jscomp,RenameVars.new Comparator() {...},9,0,0,0,2,0,2,0,2,0
AlgorithmName2,com.google.javascript.jscomp,BasicErrorManager,124,0,12,0,30,0,16,0,10,0
AlgorithmName2,com.google.javascript.jscomp,RenameProperties.PropertyAffinity,19,0,0,0,6,0,2,0,2,0
AlgorithmName2,com.google.javascript.jscomp,CheckRequiresForConstructors.CheckRequiresForConstructorsCallback,290,0,70,0,73,0,43,0,6,0
AlgorithmName2,com.google.javascript.jscomp,AliasStrings.StringOccurrence,9,0,0,0,4,0,1,0,1,0
AlgorithmName2,com.google.javascript.jscomp,PeepholeFoldWithTypes,94,0,26,0,30,0,16,0,3,0
AlgorithmName2,com.google.javascript.jscomp,ExtractPrototypeMemberDeclarations,285,0,16,0,63,0,13,0,5,0
AlgorithmName2,com.google.javascript.jscomp,DiagnosticGroup,135,0,10,0,33,0,17,0,12,0
AlgorithmName2,com.google.javascript.jscomp,InferJSDocInfo,223,0,73,0,72,0,43,0,6,0
AlgorithmName2,com.google.javascript.jscomp,CompilerOptions.DevMode,44,0,0,0,5,0,1,0,1,0
AlgorithmName2,com.google.javascript.jscomp,NodeUtil.VarCollector,32,0,8,0,9,0,6,0,2,0
AlgorithmName2,com.google.javascript.jscomp,SyntacticScopeCreator.DefaultRedeclarationHandler,82,0,14,0,19,0,9,0,2,0
AlgorithmName2,com.google.javascript.jscomp,AbstractCompiler,18,0,0,0,6,0,4,0,4,0
AlgorithmName2,com.google.javascript.jscomp,RescopeGlobalSymbols.RewriteScopeCallback,131,0,26,0,36,0,16,0,3,0
AlgorithmName2,com.google.javascript.jscomp,RenamePrototypes,309,0,34,0,62,0,22,0,5,0
AlgorithmName2,com.google.javascript.jscomp,OptimizeArgumentsArray,289,0,38,0,80,0,28,0,9,0
AlgorithmName2,com.google.javascript.jscomp,JsMessageExtractor,105,0,6,0,21,0,6,0,3,0
AlgorithmName2,com.google.javascript.jscomp,CodeGenerator,2433,0,449,0,596,0,287,0,36,0
AlgorithmName2,com.google.javascript.jscomp,AbstractCommandLineRunner.WarningGuardSpec,21,0,0,0,6,0,3,0,3,0
AlgorithmName2,com.google.javascript.jscomp,DataFlowAnalysis.BranchedForwardDataFlowAnalysis,189,0,18,0,41,0,15,0,6,0
AlgorithmName2,com.google.javascript.jscomp,SourceMap.DetailLevel.new SourceMap.DetailLevel() {...},8,0,0,0,2,0,2,0,2,0
AlgorithmName2,com.google.javascript.jscomp,SourceMap.DetailLevel.new SourceMap.DetailLevel() {...},37,0,16,0,8,0,10,0,2,0
AlgorithmName2,com.google.javascript.jscomp,RenameProperties.ProcessExterns,41,0,7,0,10,0,6,0,2,0
AlgorithmName2,com.google.javascript.jscomp,Tracer.Stat,24,0,2,0,5,0,6,0,5,0
AlgorithmName2,com.google.javascript.jscomp,ExtractPrototypeMemberDeclarations.PrototypeMemberDeclaration,39,0,2,0,12,0,4,0,3,0
AlgorithmName2,com.google.javascript.jscomp,NodeUtil.MatchNameNode,19,0,4,0,4,0,4,0,2,0
AlgorithmName2,com.google.javascript.jscomp,DisambiguateProperties.Property,279,0,44,0,62,0,31,0,9,0
AlgorithmName2,com.google.javascript.jscomp,InstrumentationTemplate,20,0,0,0,7,0,3,0,3,0
AlgorithmName2,com.google.javascript.jscomp,ControlFlowAnalysis.AstControlFlowGraph.new Comparator() {...},16,0,0,0,2,0,2,0,2,0
AlgorithmName2,com.google.javascript.jscomp,ControlFlowAnalysis.AstControlFlowGraph.new Comparator() {...},16,0,0,0,2,0,2,0,2,0
AlgorithmName2,com.google.javascript.jscomp,FunctionInjector.new Predicate() {...},36,0,8,0,6,0,6,0,2,0
AlgorithmName2,com.google.javascript.jscomp,FunctionInjector.new Predicate() {...},46,0,12,0,8,0,8,0,2,0
AlgorithmName2,com.google.javascript.jscomp,AbstractPeepholeOptimization,125,0,16,0,29,0,20,0,12,0
AlgorithmName2,com.google.javascript.jscomp,AnalyzePrototypeProperties.NameInfo,79,0,8,0,25,0,11,0,7,0
AlgorithmName2,com.google.javascript.jscomp,SourceMap.DetailLevel,24,0,0,0,3,0,1,0,1,0
AlgorithmName2,com.google.javascript.jscomp,Normalize.DuplicateDeclarationHandler,162,0,28,0,41,0,17,0,3,0
AlgorithmName2,com.google.javascript.jscomp,NodeUtil.MatchNodeType,15,0,2,0,4,0,3,0,2,0
AlgorithmName2,com.google.javascript.jscomp,TypedScopeCreator.GlobalScopeBuilder,109,0,14,0,27,0,11,0,4,0
AlgorithmName2,com.google.javascript.jscomp,ClosureCodeRemoval.FindAbstractMethods,41,0,8,0,10,0,6,0,2,0
AlgorithmName2,com.google.javascript.jscomp,ExportTestFunctions,136,0,6,0,35,0,9,0,6,0
AlgorithmName2,com.google.javascript.jscomp,CollapseAnonymousFunctions,20,0,0,0,6,0,2,0,2,0
AlgorithmName2,com.google.javascript.jscomp,InlineFunctions.FunctionExpression,19,0,0,0,8,0,5,0,5,0
AlgorithmName2,com.google.javascript.jscomp,NameReferenceGraphConstruction.NameUse,9,0,0,0,4,0,1,0,1,0
AlgorithmName2,com.google.javascript.jscomp,CompilerOptions.Reach,34,0,0,0,4,0,1,0,1,0
AlgorithmName2,com.google.javascript.jscomp,PureFunctionIdentifier.FunctionAnalyzer,525,0,124,0,160,0,78,0,14,0
AlgorithmName2,com.google.javascript.jscomp,LiveVariablesAnalysis.LiveVariableJoinOp,27,0,2,0,4,0,2,0,1,0
AlgorithmName2,com.google.javascript.jscomp,MemoizedScopeCreator,104,0,10,0,24,0,13,0,8,0
AlgorithmName2,com.google.javascript.jscomp,DiagnosticGroups,425,0,0,0,70,0,8,0,8,0
AlgorithmName2,com.google.javascript.jscomp,CrossModuleMethodMotion,222,0,32,0,65,0,20,0,4,0
AlgorithmName2,com.google.javascript.jscomp,FunctionInjector.CanInlineResult,34,0,0,0,4,0,1,0,1,0
AlgorithmName2,com.google.javascript.jscomp,DefinitionSite,18,0,0,0,7,0,1,0,1,0
AlgorithmName2,com.google.javascript.jscomp,DefaultPassConfig.60.new CompilerPass() {...},23,0,0,0,5,0,2,0,2,0
AlgorithmName2,com.google.javascript.jscomp,MarkNoSideEffectCalls.SetNoSideEffectCallProperty,56,0,12,0,18,0,8,0,2,0
AlgorithmName2,com.google.javascript.jscomp,FunctionInformationMap.Entry.Builder,902,0,93,0,253,0,99,0,49,0
AlgorithmName2,com.google.javascript.jscomp,ScopedAliases.Traversal.new SourcePosition() {...},6,0,0,0,1,0,1,0,1,0
AlgorithmName2,com.google.javascript.jscomp,AmbiguateProperties.JSTypeBitSet,48,0,2,0,13,0,4,0,3,0
AlgorithmName2,com.google.javascript.jscomp,AliasKeywords.FindAliasableNodes,60,0,6,0,14,0,7,0,4,0
AlgorithmName2,com.google.javascript.jscomp,CssRenamingMap.ByWhole,5,0,0,0,2,0,2,0,2,0
AlgorithmName2,com.google.javascript.jscomp,FunctionInjector.Reference,12,0,0,0,5,0,1,0,1,0
AlgorithmName2,com.google.javascript.jscomp,RenameProperties,500,0,52,0,106,0,35,0,9,0
AlgorithmName2,com.google.javascript.jscomp,ProcessClosurePrimitives.ProvidedName,471,0,64,0,124,0,46,0,14,0
AlgorithmName2,com.google.javascript.jscomp,CodePrinter.Builder,110,0,8,0,35,0,14,0,10,0
AlgorithmName2,com.google.javascript.jscomp,FunctionRewriter.Reducer,23,0,2,0,6,0,3,0,2,0
AlgorithmName2,com.google.javascript.jscomp,CollapseProperties.new NodeTraversal.AbstractShallowCallback() {...},32,0,2,0,6,0,3,0,2,0
AlgorithmName2,com.google.javascript.jscomp,DefinitionsRemover.IncompleteDefinition,39,0,0,0,10,0,4,0,4,0
AlgorithmName2,com.google.javascript.jscomp,SideEffectsAnalysis.IntraproceduralMotionEnvironment,5,0,0,0,3,0,2,0,2,0
AlgorithmName2,com.google.javascript.jscomp,CoalesceVariableNames.new Comparator() {...},9,0,0,0,2,0,2,0,2,0
AlgorithmName2,com.google.javascript.jscomp,ExpressionDecomposer,997,0,149,0,284,0,102,0,25,0
AlgorithmName2,com.google.javascript.jscomp,SideEffectsAnalysis.AbstractMotionEnvironment,3,0,0,0,1,0,1,0,1,0
AlgorithmName2,com.google.javascript.jscomp,CheckProvides.CheckProvidesCallback,143,0,26,0,37,0,18,0,4,0
AlgorithmName2,com.google.javascript.jscomp,TightenTypes,1028,0,151,0,255,0,102,0,20,0
AlgorithmName2,com.google.javascript.jscomp,ControlFlowGraph.Branch,64,0,4,0,7,0,4,0,2,0
AlgorithmName2,com.google.javascript.jscomp,NameAnalyzer.RemoveListener,11,0,0,0,3,0,2,0,2,0
AlgorithmName2,com.google.javascript.jscomp,ProcessTweaks.TweakInfo,208,0,20,0,43,0,19,0,9,0
AlgorithmName2,com.google.javascript.jscomp,NameAnalyzer.ProcessExternals,50,0,6,0,11,0,5,0,2,0
AlgorithmName2,com.google.javascript.jscomp,PhaseOptimizer,285,0,28,0,76,0,30,0,16,0
AlgorithmName2,com.google.javascript.jscomp,InlineObjectLiterals.InliningBehavior,663,0,102,0,162,0,61,0,10,0
AlgorithmName2,com.google.javascript.jscomp,CheckLevel,41,0,2,0,5,0,3,0,2,0
AlgorithmName2,com.google.javascript.jscomp,ScopedAliases.AliasedNode,22,0,0,0,7,0,2,0,2,0
AlgorithmName2,com.google.javascript.jscomp,AnalyzePrototypeProperties.ProcessExternProperties,29,0,2,0,5,0,3,0,2,0
AlgorithmName2,com.google.javascript.jscomp,ProcessClosurePrimitives,1593,0,253,0,397,0,153,0,24,0
AlgorithmName2,com.google.javascript.jscomp,TightenTypes.FunctionCall,107,0,12,0,26,0,8,0,2,0
AlgorithmName2,com.google.javascript.jscomp,ObjectPropertyStringPreprocess.Callback,160,0,12,0,40,0,8,0,2,0
AlgorithmName2,com.google.javascript.jscomp,MustBeReachingVariableDef,500,0,79,0,114,0,54,0,12,0
AlgorithmName2,com.google.javascript.jscomp,NodeUtil.MatchNotFunction,7,0,2,0,1,0,2,0,1,0
AlgorithmName2,com.google.javascript.jscomp,SuppressDocWarningsGuard,110,0,22,0,34,0,14,0,3,0
AlgorithmName2,com.google.javascript.jscomp,OptimizeParameters.Parameter,33,0,0,0,14,0,8,0,8,0
AlgorithmName2,com.google.javascript.jscomp,AliasKeywords.KeywordAliasSpecification,58,0,0,0,17,0,4,0,4,0
AlgorithmName2,com.google.javascript.jscomp,DefaultPassConfig.93.new CompilerPass() {...},59,0,0,0,10,0,2,0,2,0
AlgorithmName2,com.google.javascript.jscomp,InlineFunctions.FindCandidatesReferences,191,0,38,0,51,0,25,0,6,0
AlgorithmName2,com.google.javascript.jscomp,ErrorPass,23,0,0,0,8,0,3,0,3,0
AlgorithmName2,com.google.javascript.jscomp,NameAnalyzer.JsName,69,0,6,0,18,0,6,0,3,0
AlgorithmName2,com.google.javascript.jscomp,InlineFunctions.FindCandidateFunctions,156,0,39,0,35,0,25,0,5,0
AlgorithmName2,com.google.javascript.jscomp,TypedScopeCreator,429,0,24,0,116,0,23,0,11,0
AlgorithmName2,com.google.javascript.jscomp,CrossModuleCodeMotion.NamedInfo,65,0,8,0,18,0,8,0,4,0
AlgorithmName2,com.google.javascript.jscomp,CallGraph.Function,109,0,16,0,32,0,19,0,11,0
AlgorithmName2,com.google.javascript.jscomp,ReorderConstantExpression,45,0,10,0,14,0,7,0,2,0
AlgorithmName2,com.google.javascript.jscomp,DefaultPassConfig.29.new CompilerPass() {...},39,0,0,0,5,0,2,0,2,0
AlgorithmName2,com.google.javascript.jscomp,ReferenceCollectingCallback.ReferenceMapWrapper,12,0,0,0,4,0,2,0,2,0
AlgorithmName2,com.google.javascript.jscomp,VarCheck.NameRefInExternsCheck,75,0,11,0,17,0,8,0,2,0
AlgorithmName2,com.google.javascript.jscomp,VariableReferenceCheck,57,0,0,0,15,0,4,0,4,0
AlgorithmName2,com.google.javascript.jscomp,InstrumentFunctions,206,0,12,0,52,0,8,0,2,0
AlgorithmName2,com.google.javascript.jscomp,FunctionArgumentInjector.ReferencedAfterSideEffect,169,0,44,0,45,0,29,0,7,0
AlgorithmName2,com.google.javascript.jscomp,ParallelCompilerPass,162,0,14,0,48,0,13,0,6,0
AlgorithmName2,com.google.javascript.jscomp,ConcreteType.ConcreteUniqueType,41,0,6,0,7,0,7,0,4,0
AlgorithmName2,com.google.javascript.jscomp,OptimizeCalls,48,0,4,0,13,0,5,0,3,0
AlgorithmName2,com.google.javascript.jscomp,CoalesceVariableNames.LiveRangeChecker,124,0,42,0,27,0,27,0,6,0
AlgorithmName2,com.google.javascript.jscomp,NameAnalyzer.JsNameRefNode,63,0,6,0,18,0,7,0,3,0
AlgorithmName2,com.google.javascript.jscomp,MinimizeExitPoints,362,0,69,0,108,0,43,0,7,0
AlgorithmName2,com.google.javascript.jscomp,NodeUtil,3576,0,952,0,960,0,706,0,153,0
AlgorithmName2,com.google.javascript.jscomp,AliasKeywords,227,0,22,0,54,0,22,0,11,0
AlgorithmName2,com.google.javascript.jscomp,RenameLabels.DefaultNameSupplier,17,0,0,0,3,0,2,0,2,0
AlgorithmName2,com.google.javascript.jscomp,NameReferenceGraph.Name,210,0,22,0,54,0,33,0,22,0
AlgorithmName2,com.google.javascript.jscomp,FunctionInformationMap.Entry,667,0,90,0,186,0,90,0,45,0
AlgorithmName2,com.google.javascript.jscomp,RemoveUnusedVars.Assign,136,0,22,0,40,0,14,0,3,0
AlgorithmName2,com.google.javascript.jscomp,StatementFusion,179,0,35,0,54,0,26,0,7,0
AlgorithmName2,com.google.javascript.jscomp,GlobalNamespace.BuildGlobalNamespace,802,0,170,0,231,0,114,0,16,0
AlgorithmName2,com.google.javascript.jscomp,PeepholeSubstituteAlternateSyntax.FoldArrayAction,34,0,0,0,2,0,1,0,1,0
AlgorithmName2,com.google.javascript.jscomp,CodePrinter.Format,34,0,0,0,4,0,1,0,1,0
AlgorithmName2,com.google.javascript.jscomp,MethodCompilerPass,114,0,6,0,29,0,7,0,4,0
AlgorithmName2,com.google.javascript.jscomp,ConcreteType.ConcreteAll,8,0,0,0,4,0,4,0,4,0
AlgorithmName2,com.google.javascript.jscomp,ProcessTweaks.CollectTweaksResult,9,0,0,0,4,0,1,0,1,0
AlgorithmName2,com.google.javascript.jscomp,SpecializeModule,364,0,38,0,96,0,28,0,9,0
AlgorithmName2,com.google.javascript.jscomp,ReplaceStrings.Result,31,0,0,0,9,0,2,0,2,0
AlgorithmName2,com.google.javascript.jscomp,LineNumberCheck,69,0,8,0,22,0,10,0,6,0
AlgorithmName2,com.google.javascript.jscomp,CodeChangeHandler.ForbiddenChange,8,0,0,0,2,0,2,0,2,0
AlgorithmName2,com.google.javascript.jscomp,CodePrinter.CompactCodePrinter,153,0,16,0,38,0,14,0,6,0
AlgorithmName2,com.google.javascript.jscomp,FunctionInfo,24,0,0,0,7,0,3,0,3,0
AlgorithmName2,com.google.javascript.jscomp,FunctionTypeBuilder.ExtendedTypeValidator,79,0,8,0,14,0,6,0,2,0
AlgorithmName2,com.google.javascript.jscomp,TypeValidator,1155,0,186,0,252,0,128,0,35,0
AlgorithmName2,com.google.javascript.jscomp,InstrumentFunctions.InstrumentReturns,129,0,12,0,36,0,12,0,6,0
AlgorithmName2,com.google.javascript.jscomp,CallGraph.Callsite,65,0,6,0,20,0,10,0,7,0
AlgorithmName2,com.google.javascript.jscomp,TightenTypes.ConcreteJSTypePair,67,0,14,0,16,0,12,0,5,0
AlgorithmName2,com.google.javascript.jscomp,CheckSideEffects,294,0,64,0,79,0,39,0,7,0
AlgorithmName2,com.google.javascript.jscomp,ConcreteType.ConcreteInstanceType,122,0,22,0,31,0,21,0,10,0
AlgorithmName2,com.google.javascript.jscomp,ScopedAliases,148,0,18,0,39,0,13,0,4,0
AlgorithmName2,com.google.javascript.jscomp,CheckPathsBetweenNodes,276,0,50,0,77,0,36,0,11,0
AlgorithmName2,com.google.javascript.jscomp,CodingConvention.SubclassType,24,0,0,0,3,0,1,0,1,0
AlgorithmName2,com.google.javascript.jscomp,ConvertToDottedProperties,60,0,11,0,19,0,9,0,3,0
AlgorithmName2,com.google.javascript.jscomp,GlobalNamespace.Name,579,0,119,0,126,0,90,0,25,0
AlgorithmName2,com.google.javascript.jscomp,Tracer.ThreadTrace,549,0,76,0,127,0,48,0,10,0
AlgorithmName2,com.google.javascript.jscomp,RenamePrototypes.ProcessProperties,186,0,28,0,44,0,22,0,7,0
AlgorithmName2,com.google.javascript.jscomp,GlobalVarReferenceMap.SourceRefRange,35,0,0,0,7,0,3,0,3,0
AlgorithmName2,com.google.javascript.jscomp,SideEffectsAnalysis,308,0,59,0,86,0,45,0,12,0
AlgorithmName2,com.google.javascript.jscomp,AnalyzePrototypeProperties.GlobalFunction,71,0,10,0,21,0,10,0,5,0
AlgorithmName2,com.google.javascript.jscomp,CheckAccidentalSemicolon,51,0,11,0,16,0,9,0,3,0
AlgorithmName2,com.google.javascript.jscomp,GlobalVarReferenceMap.GlobalVarRefCleanupPass,19,0,2,0,8,0,4,0,3,0
AlgorithmName2,com.google.javascript.jscomp,CodeGenerator.Context,64,0,0,0,7,0,1,0,1,0
AlgorithmName2,com.google.javascript.jscomp,NameAnalyzer.AliasSet,16,0,0,0,5,0,1,0,1,0
AlgorithmName2,com.google.javascript.jscomp,ProcessDefines,323,0,44,0,78,0,30,0,8,0
AlgorithmName2,com.google.javascript.jscomp,DefaultPassConfig.new PassFactory() {...},13,0,0,0,2,0,2,0,2,0
AlgorithmName2,com.google.javascript.jscomp,DefaultPassConfig.new PassFactory() {...},12,0,0,0,2,0,2,0,2,0
AlgorithmName2,com.google.javascript.jscomp,DefaultPassConfig.new PassFactory() {...},14,0,0,0,2,0,2,0,2,0
AlgorithmName2,com.google.javascript.jscomp,DefaultPassConfig.new PassFactory() {...},14,0,0,0,2,0,2,0,2,0
AlgorithmName2,com.google.javascript.jscomp,DefaultPassConfig.new PassFactory() {...},9,0,0,0,2,0,2,0,2,0
AlgorithmName2,com.google.javascript.jscomp,DefaultPassConfig.new PassFactory() {...},20,0,0,0,2,0,2,0,2,0
AlgorithmName2,com.google.javascript.jscomp,DefaultPassConfig.new CompilerPass() {...},23,0,2,0,5,0,3,0,2,0
AlgorithmName2,com.google.javascript.jscomp,DefaultPassConfig.new PassFactory() {...},14,0,0,0,2,0,2,0,2,0
AlgorithmName2,com.google.javascript.jscomp,DefaultPassConfig.new PassFactory() {...},14,0,0,0,2,0,2,0,2,0
AlgorithmName2,com.google.javascript.jscomp,Scope.new Predicate() {...},20,0,8,0,5,0,6,0,2,0
AlgorithmName2,com.google.javascript.jscomp,JsMessage,280,0,52,0,52,0,41,0,15,0
AlgorithmName2,com.google.javascript.jscomp,Denormalize,121,0,30,0,41,0,20,0,5,0
AlgorithmName2,com.google.javascript.jscomp,CheckGlobalNames,323,0,56,0,69,0,38,0,10,0
AlgorithmName2,com.google.javascript.jscomp,Compiler.CodeBuilder,103,0,8,0,22,0,12,0,8,0
AlgorithmName2,com.google.javascript.jscomp,DefaultPassConfig.new PassFactory() {...},34,0,2,0,4,0,3,0,2,0
AlgorithmName2,com.google.javascript.jscomp,DefaultPassConfig.new PassFactory() {...},13,0,0,0,2,0,2,0,2,0
AlgorithmName2,com.google.javascript.jscomp,CreateSyntheticBlocks,162,0,10,0,42,0,12,0,7,0
AlgorithmName2,com.google.javascript.jscomp,DefaultPassConfig.new PassFactory() {...},13,0,0,0,2,0,2,0,2,0
AlgorithmName2,com.google.javascript.jscomp,DefaultPassConfig.new PassFactory() {...},18,0,0,0,3,0,2,0,2,0
AlgorithmName2,com.google.javascript.jscomp,DefaultPassConfig.new PassFactory() {...},14,0,0,0,2,0,2,0,2,0
AlgorithmName2,com.google.javascript.jscomp,DefaultPassConfig.new PassFactory() {...},13,0,0,0,2,0,2,0,2,0
AlgorithmName2,com.google.javascript.jscomp,GoogleJsMessageIdGenerator,74,0,8,0,16,0,6,0,2,0
AlgorithmName2,com.google.javascript.jscomp,DefaultPassConfig.new PassFactory() {...},11,0,0,0,2,0,2,0,2,0
AlgorithmName2,com.google.javascript.jscomp,DefaultPassConfig.new PassFactory() {...},46,0,2,0,10,0,3,0,2,0
AlgorithmName2,com.google.javascript.jscomp,DefaultPassConfig.new PassFactory() {...},46,0,2,0,10,0,3,0,2,0
AlgorithmName2,com.google.javascript.jscomp,DefaultPassConfig.new PassFactory() {...},13,0,0,0,2,0,2,0,2,0
AlgorithmName2,com.google.javascript.jscomp,SpecializeModule.OriginalFunctionInformation,120,0,14,0,28,0,12,0,5,0
AlgorithmName2,com.google.javascript.jscomp,XtbMessageBundle.Handler,157,0,30,0,37,0,27,0,12,0
AlgorithmName2,com.google.javascript.jscomp,CheckPathsBetweenNodes.new Annotation() {...},3,0,0,0,1,0,1,0,1,0
AlgorithmName2,com.google.javascript.jscomp,CheckPathsBetweenNodes.new Annotation() {...},3,0,0,0,1,0,1,0,1,0
AlgorithmName2,com.google.javascript.jscomp,TightenTypes.FunctionCallBuilder,83,0,8,0,18,0,9,0,5,0
AlgorithmName2,com.google.javascript.jscomp,CheckPathsBetweenNodes.new Annotation() {...},3,0,0,0,1,0,1,0,1,0
AlgorithmName2,com.google.javascript.jscomp,CommandLineRunner.Flags.WarningGuardErrorOptionHandler,11,0,0,0,2,0,1,0,1,0
AlgorithmName2,com.google.javascript.jscomp,CheckPathsBetweenNodes.new Annotation() {...},3,0,0,0,1,0,1,0,1,0
AlgorithmName2,com.google.javascript.jscomp,TypedScopeCreator.LocalScopeBuilder,166,0,28,0,45,0,19,0,5,0
AlgorithmName2,com.google.javascript.jscomp,ExtractPrototypeMemberDeclarations.Pattern,55,0,0,0,13,0,2,0,2,0
AlgorithmName2,com.google.javascript.jscomp,ClosureReverseAbstractInterpreter.new Function() {...},17,0,2,0,4,0,3,0,2,0
AlgorithmName2,com.google.javascript.jscomp,ClosureReverseAbstractInterpreter.new Function() {...},20,0,2,0,4,0,3,0,2,0
AlgorithmName2,com.google.javascript.jscomp,ClosureReverseAbstractInterpreter.new Function() {...},20,0,2,0,5,0,3,0,2,0
AlgorithmName2,com.google.javascript.jscomp,SourceMap.Format.new SourceMap.Format() {...},13,0,0,0,3,0,2,0,2,0
AlgorithmName2,com.google.javascript.jscomp,SourceMap.Format.new SourceMap.Format() {...},13,0,0,0,3,0,2,0,2,0
AlgorithmName2,com.google.javascript.jscomp,SourceMap.Format.new SourceMap.Format() {...},13,0,0,0,3,0,2,0,2,0
AlgorithmName2,com.google.javascript.jscomp,DefaultPassConfig.new PassFactory() {...},21,0,0,0,2,0,2,0,2,0
AlgorithmName2,com.google.javascript.jscomp,DefaultPassConfig.new PassFactory() {...},13,0,0,0,2,0,2,0,2,0
AlgorithmName2,com.google.javascript.jscomp,SourceMap.Format.new SourceMap.Format() {...},13,0,0,0,3,0,2,0,2,0
AlgorithmName2,com.google.javascript.jscomp,DefaultPassConfig.new PassFactory() {...},13,0,0,0,2,0,2,0,2,0
AlgorithmName2,com.google.javascript.jscomp,DefaultPassConfig.new PassFactory() {...},14,0,0,0,2,0,2,0,2,0
AlgorithmName2,com.google.javascript.jscomp,DefaultPassConfig.new PassFactory() {...},13,0,0,0,2,0,2,0,2,0
AlgorithmName2,com.google.javascript.jscomp,DefaultPassConfig.new PassFactory() {...},13,0,0,0,2,0,2,0,2,0
AlgorithmName2,com.google.javascript.jscomp,ChainableReverseAbstractInterpreter,267,0,44,0,70,0,35,0,12,0
AlgorithmName2,com.google.javascript.jscomp,DefaultPassConfig.new PassFactory() {...},13,0,0,0,2,0,2,0,2,0
AlgorithmName2,com.google.javascript.jscomp,DefaultPassConfig.new PassFactory() {...},13,0,0,0,2,0,2,0,2,0
AlgorithmName2,com.google.javascript.jscomp,DefaultPassConfig.new PassFactory() {...},14,0,0,0,2,0,2,0,2,0
AlgorithmName2,com.google.javascript.jscomp,DefaultPassConfig.new PassFactory() {...},23,0,0,0,2,0,2,0,2,0
AlgorithmName2,com.google.javascript.jscomp,ConcreteType.TypeFilter,9,0,0,0,3,0,1,0,1,0
AlgorithmName2,com.google.javascript.jscomp,ExportTestFunctions.ExportTestFunctionsNodes,106,0,28,0,26,0,17,0,3,0
AlgorithmName2,com.google.javascript.jscomp,TightenTypes.ConcreteSlot,57,0,2,0,15,0,10,0,9,0
AlgorithmName2,com.google.javascript.jscomp,PrepareAst.PrepareAnnotations,174,0,41,0,53,0,29,0,8,0
AlgorithmName2,com.google.javascript.jscomp,JSError,317,0,45,0,56,0,38,0,15,0
AlgorithmName2,com.google.javascript.jscomp,ClosureReverseAbstractInterpreter.new Function() {...},15,0,0,0,2,0,2,0,2,0
AlgorithmName2,com.google.javascript.jscomp,DefaultPassConfig.new PassFactory() {...},14,0,0,0,2,0,2,0,2,0
AlgorithmName2,com.google.javascript.jscomp,DefaultPassConfig.new PassFactory() {...},13,0,0,0,2,0,2,0,2,0
AlgorithmName2,com.google.javascript.jscomp,CheckLevelLegacy,44,0,0,0,5,0,1,0,1,0
AlgorithmName2,com.google.javascript.jscomp,DefaultPassConfig.new PassFactory() {...},13,0,0,0,2,0,2,0,2,0
AlgorithmName2,com.google.javascript.jscomp,DefaultPassConfig.new PassFactory() {...},50,0,6,0,6,0,5,0,2,0
AlgorithmName2,com.google.javascript.jscomp,DefaultPassConfig.new PassFactory() {...},44,0,8,0,4,0,6,0,2,0
AlgorithmName2,com.google.javascript.jscomp,DefaultPassConfig.new PassFactory() {...},15,0,0,0,2,0,2,0,2,0
AlgorithmName2,com.google.javascript.jscomp,DefaultPassConfig.new PassFactory() {...},20,0,0,0,3,0,2,0,2,0
AlgorithmName2,com.google.javascript.jscomp,DefaultPassConfig.97.new CompilerPass() {...},53,0,0,0,11,0,2,0,2,0
AlgorithmName2,com.google.javascript.jscomp,DefaultPassConfig.new PassFactory() {...},33,0,0,0,2,0,2,0,2,0
AlgorithmName2,com.google.javascript.jscomp,DefaultPassConfig.new PassFactory() {...},13,0,0,0,2,0,2,0,2,0
AlgorithmName2,com.google.javascript.jscomp,DefaultPassConfig.new PassFactory() {...},17,0,0,0,2,0,2,0,2,0
AlgorithmName2,com.google.javascript.jscomp,VariableVisibilityAnalysis.VariableVisibility,44,0,0,0,5,0,1,0,1,0
AlgorithmName2,com.google.javascript.jscomp,FunctionInformationMap.Module.Builder,392,0,40,0,119,0,48,0,27,0
AlgorithmName2,com.google.javascript.jscomp,InlineVariables.InliningBehavior,1031,0,228,0,258,0,137,0,23,0
AlgorithmName2,com.google.javascript.jscomp,ChainableReverseAbstractInterpreter.RestrictByOneTypeOfResultVisitor,156,0,32,0,23,0,27,0,11,0
AlgorithmName2,com.google.javascript.jscomp,VariableMap,218,0,16,0,51,0,19,0,11,0
AlgorithmName2,com.google.javascript.jscomp,LoggerErrorManager,107,0,9,0,20,0,9,0,4,0
AlgorithmName2,com.google.javascript.jscomp,FlowSensitiveInlineVariables.GatherCandiates.new ControlFlowGraph.AbstractCfgNodeTraversalCallback() {...},85,0,22,0,15,0,13,0,2,0
AlgorithmName2,com.google.javascript.jscomp,ClosureCodeRemoval.FindAssertionCalls,48,0,6,0,11,0,5,0,2,0
AlgorithmName2,com.google.javascript.jscomp,ErrorFormat,44,0,0,0,5,0,1,0,1,0
AlgorithmName2,com.google.javascript.jscomp,FunctionInjector.InliningMode,24,0,0,0,3,0,1,0,1,0
AlgorithmName2,com.google.javascript.jscomp,DefaultPassConfig.new PassFactory() {...},82,0,14,0,11,0,9,0,2,0
AlgorithmName2,com.google.javascript.jscomp,DefaultPassConfig.new PassFactory() {...},18,0,0,0,2,0,2,0,2,0
AlgorithmName2,com.google.javascript.jscomp,AbstractCommandLineRunner.FlagUsageException,4,0,0,0,2,0,1,0,1,0
AlgorithmName2,com.google.javascript.jscomp,DefaultPassConfig.new PassFactory() {...},13,0,0,0,2,0,2,0,2,0
AlgorithmName2,com.google.javascript.jscomp,DefaultPassConfig.new PassFactory() {...},46,0,6,0,9,0,5,0,2,0
AlgorithmName2,com.google.javascript.jscomp,DefaultPassConfig.new PassFactory() {...},15,0,0,0,2,0,2,0,2,0
AlgorithmName2,com.google.javascript.jscomp,DefaultPassConfig.new PassFactory() {...},13,0,0,0,2,0,2,0,2,0
AlgorithmName2,com.google.javascript.jscomp,DefaultPassConfig.new PassFactory() {...},14,0,0,0,2,0,2,0,2,0
AlgorithmName2,com.google.javascript.jscomp,DefaultPassConfig.new PassFactory() {...},25,0,2,0,2,0,3,0,2,0
AlgorithmName2,com.google.javascript.jscomp,DefaultPassConfig.new PassFactory() {...},13,0,0,0,2,0,2,0,2,0
AlgorithmName2,com.google.javascript.jscomp,CommandLineRunner.Flags.BooleanOptionHandler,98,0,6,0,21,0,7,0,4,0
AlgorithmName2,com.google.javascript.jscomp,DefaultPassConfig.new PassFactory() {...},14,0,0,0,2,0,2,0,2,0
AlgorithmName2,com.google.javascript.jscomp,NodeTraversal.AbstractPostOrderCallback,5,0,0,0,2,0,2,0,2,0
AlgorithmName2,com.google.javascript.jscomp,SideEffectsAnalysis.DegenerateLocationAbstraction,41,0,4,0,11,0,8,0,6,0
AlgorithmName2,com.google.javascript.jscomp,AliasKeywords.AliasSpecification,75,0,6,0,23,0,9,0,6,0
AlgorithmName2,com.google.javascript.jscomp,ChainCalls.CallSite,18,0,0,0,7,0,1,0,1,0
AlgorithmName2,com.google.javascript.jscomp,DefinitionsRemover.FunctionDefinition,17,0,0,0,6,0,3,0,3,0
AlgorithmName2,com.google.javascript.jscomp,Tracer,473,0,57,0,133,0,58,0,28,0
AlgorithmName2,com.google.javascript.jscomp,DefaultPassConfig.new PassFactory() {...},13,0,0,0,2,0,2,0,2,0
AlgorithmName2,com.google.javascript.jscomp,DefaultPassConfig.new PassFactory() {...},21,0,0,0,2,0,2,0,2,0
AlgorithmName2,com.google.javascript.jscomp,DefaultPassConfig.new PassFactory() {...},13,0,0,0,2,0,2,0,2,0
AlgorithmName2,com.google.javascript.jscomp,AbstractCommandLineRunner.CommandLineConfig,373,0,4,0,130,0,42,0,40,0
AlgorithmName2,com.google.javascript.jscomp,DefaultPassConfig.new PassFactory() {...},17,0,0,0,2,0,2,0,2,0
AlgorithmName2,com.google.javascript.jscomp,DefaultPassConfig.new PassFactory() {...},24,0,2,0,3,0,3,0,2,0
AlgorithmName2,com.google.javascript.jscomp,DefaultPassConfig.new PassFactory() {...},15,0,0,0,3,0,2,0,2,0
AlgorithmName2,com.google.javascript.jscomp,DefaultPassConfig.new PassFactory() {...},31,0,2,0,5,0,3,0,2,0
AlgorithmName2,com.google.javascript.jscomp,DataFlowAnalysis.FlowState,64,0,0,0,16,0,7,0,7,0
AlgorithmName2,com.google.javascript.jscomp,DefaultPassConfig.new PassFactory() {...},29,0,2,0,5,0,3,0,2,0
AlgorithmName2,com.google.javascript.jscomp,DefaultPassConfig.new PassFactory() {...},13,0,0,0,2,0,2,0,2,0
AlgorithmName2,com.google.javascript.jscomp,DefaultPassConfig.new PassFactory() {...},13,0,0,0,2,0,2,0,2,0
AlgorithmName2,com.google.javascript.jscomp,RemoveUnusedNames,76,0,10,0,20,0,9,0,4,0
AlgorithmName2,com.google.javascript.jscomp,CodingConvention.ObjectLiteralCast,9,0,0,0,4,0,1,0,1,0
AlgorithmName2,com.google.javascript.jscomp,MarkNoSideEffectCalls.GatherNoSideEffectFunctions,96,0,26,0,28,0,15,0,2,0
AlgorithmName2,com.google.javascript.jscomp,ReferenceCollectingCallback.BasicBlock,80,0,22,0,22,0,15,0,4,0
AlgorithmName2,com.google.javascript.jscomp,SideEffectsAnalysis.VisibilityLocationAbstraction,188,0,31,0,55,0,25,0,8,0
AlgorithmName2,com.google.javascript.jscomp,FunctionToBlockMutator,598,0,84,0,161,0,57,0,15,0
AlgorithmName2,com.google.javascript.jscomp,DefaultPassConfig.84.new CompilerPass() {...},14,0,0,0,3,0,2,0,2,0
AlgorithmName2,com.google.javascript.jscomp,DefinitionsRemover.VarDefinition,62,0,4,0,15,0,6,0,4,0
AlgorithmName2,com.google.javascript.jscomp,DisambiguateProperties.AbstractScopingCallback,46,0,2,0,10,0,6,0,5,0
AlgorithmName2,com.google.javascript.jscomp,DefaultPassConfig.new PassFactory() {...},29,0,4,0,2,0,4,0,2,0
AlgorithmName2,com.google.javascript.jscomp,DefaultPassConfig.new PassFactory() {...},14,0,0,0,2,0,2,0,2,0
AlgorithmName2,com.google.javascript.jscomp,DefaultPassConfig.new PassFactory() {...},14,0,0,0,2,0,2,0,2,0
AlgorithmName2,com.google.javascript.jscomp,PeepholeRemoveDeadCode,1301,0,260,0,383,0,165,0,28,0
AlgorithmName2,com.google.javascript.jscomp,FlowSensitiveInlineVariables.Candidate,248,0,34,0,65,0,22,0,5,0
AlgorithmName2,com.google.javascript.jscomp,DefaultPassConfig.new DefaultPassConfig.HotSwapPassFactory() {...},13,0,0,0,2,0,2,0,2,0
AlgorithmName2,com.google.javascript.jscomp,PrintStreamErrorManager,107,0,12,0,20,0,11,0,5,0
AlgorithmName2,com.google.javascript.jscomp,MustBeReachingVariableDef.MustDefJoin,101,0,12,0,23,0,7,0,1,0
AlgorithmName2,com.google.javascript.jscomp,DefaultPassConfig.new PassFactory() {...},13,0,0,0,2,0,2,0,2,0
AlgorithmName2,com.google.javascript.jscomp,DefaultPassConfig.new PassFactory() {...},16,0,0,0,2,0,2,0,2,0
AlgorithmName2,com.google.javascript.jscomp,MaybeReachingVariableUse.ReachingUsesJoinOp,23,0,2,0,5,0,2,0,1,0
AlgorithmName2,com.google.javascript.jscomp,DefaultPassConfig.new PassFactory() {...},13,0,0,0,2,0,2,0,2,0
AlgorithmName2,com.google.javascript.jscomp,DefaultPassConfig.new PassFactory() {...},17,0,0,0,2,0,2,0,2,0
AlgorithmName2,com.google.javascript.jscomp,DefaultPassConfig.new PassFactory() {...},14,0,0,0,2,0,2,0,2,0
AlgorithmName2,com.google.javascript.jscomp,JsMessage.PlaceholderReference,57,0,6,0,11,0,11,0,8,0
AlgorithmName2,com.google.javascript.jscomp,DefaultPassConfig.new PassFactory() {...},14,0,0,0,2,0,2,0,2,0
AlgorithmName2,com.google.javascript.jscomp,AstParallelizer,171,0,10,0,47,0,12,0,7,0
AlgorithmName2,com.google.javascript.jscomp,ProcessDefines.CollectDefines.RefInfo,9,0,0,0,4,0,1,0,1,0
AlgorithmName2,com.google.javascript.jscomp.deps,PathUtil,233,0,30,0,46,0,22,0,7,0
AlgorithmName2,com.google.javascript.jscomp.deps,JsFileLineParser.ParseException,10,0,0,0,4,0,2,0,2,0
AlgorithmName2,com.google.javascript.jscomp.deps,JsFunctionParser,167,0,16,0,36,0,14,0,6,0
AlgorithmName2,com.google.javascript.jscomp.deps,DepsGenerator.InclusionStrategy,34,0,0,0,4,0,1,0,1,0
AlgorithmName2,com.google.javascript.jscomp.deps,SortedDependencies.CircularDependencyException,4,0,0,0,2,0,1,0,1,0
AlgorithmName2,com.google.javascript.jscomp.deps,DepsGenerator.new Function() {...},9,0,0,0,2,0,2,0,2,0
AlgorithmName2,com.google.javascript.jscomp.deps,JsFileParser,150,0,18,0,29,0,15,0,6,0
AlgorithmName2,com.google.javascript.jscomp.deps,DepsFileParser,172,0,14,0,34,0,14,0,7,0
AlgorithmName2,com.google.javascript.jscomp.deps,SortedDependencies.new Comparator() {...},20,0,0,0,3,0,2,0,2,0
AlgorithmName2,com.google.javascript.jscomp.deps,DepsGenerator,676,0,60,0,156,0,51,0,21,0
AlgorithmName2,com.google.javascript.jscomp.deps,SortedDependencies,444,0,54,0,99,0,38,0,11,0
AlgorithmName2,com.google.javascript.jscomp.deps,JsFunctionParser.SymbolInfo,9,0,0,0,4,0,1,0,1,0
AlgorithmName2,com.google.javascript.jscomp.deps,SimpleDependencyInfo,90,0,10,0,18,0,12,0,7,0
AlgorithmName2,com.google.javascript.jscomp.deps,JsFileLineParser,360,0,50,0,81,0,32,0,7,0
AlgorithmName2,com.google.javascript.jscomp.deps,SortedDependencies.MissingProvideException,4,0,0,0,2,0,1,0,1,0
AlgorithmName2,com.google.debugging.sourcemap.proto,Mapping.OriginalMapping.Builder,544,0,50,0,155,0,62,0,35,0
AlgorithmName2,com.google.debugging.sourcemap.proto,Mapping.LineMapping.Builder,561,0,61,0,157,0,66,0,34,0
AlgorithmName2,com.google.debugging.sourcemap.proto,Mapping.OriginalMapping,415,0,46,0,113,0,60,0,37,0
AlgorithmName2,com.google.debugging.sourcemap.proto,Mapping.new Descriptors.FileDescriptor.InternalDescriptorAssigner() {...},70,0,0,0,11,0,2,0,2,0
AlgorithmName2,com.google.debugging.sourcemap.proto,Mapping,20,0,0,0,7,0,3,0,3,0
AlgorithmName2,com.google.debugging.sourcemap.proto,Mapping.LineMapping,302,0,28,0,78,0,48,0,34,0
AlgorithmName2,com.google.javascript.jscomp.parsing,Annotation,606,0,0,0,97,0,1,0,1,0
AlgorithmName2,com.google.javascript.jscomp.parsing,JsDocTokenStream,758,0,132,0,200,0,98,0,24,0
AlgorithmName2,com.google.javascript.jscomp.parsing,JsDocInfoParser.ExtractionInfo,9,0,0,0,4,0,1,0,1,0
AlgorithmName2,com.google.javascript.jscomp.parsing,JsDocInfoParser.ExtendedTypeInfo,12,0,0,0,5,0,1,0,1,0
AlgorithmName2,com.google.javascript.jscomp.parsing,JsDocInfoParser.State,34,0,0,0,4,0,1,0,1,0
AlgorithmName2,com.google.javascript.jscomp.parsing,NullErrorReporter,12,0,0,0,4,0,4,0,4,0
AlgorithmName2,com.google.javascript.jscomp.parsing,JsDocInfoParser.WhitespaceOption,34,0,0,0,4,0,1,0,1,0
AlgorithmName2,com.google.javascript.jscomp.parsing,Config.LanguageMode,34,0,0,0,4,0,1,0,1,0
AlgorithmName2,com.google.javascript.jscomp.parsing,NullErrorReporter.NewRhinoNullReporter,23,0,0,0,6,0,4,0,4,0
AlgorithmName2,com.google.javascript.jscomp.parsing,JsDocInfoParser,3625,0,603,0,1001,0,394,0,60,0
AlgorithmName2,com.google.javascript.jscomp.parsing,IRFactory.TransformDispatcher,1587,0,142,0,373,0,127,0,56,0
AlgorithmName2,com.google.javascript.jscomp.parsing,NullErrorReporter.OldRhinoNullReporter,4,0,0,0,1,0,1,0,1,0
AlgorithmName2,com.google.javascript.jscomp.parsing,Config,51,0,4,0,15,0,4,0,2,0
AlgorithmName2,com.google.javascript.jscomp.parsing,IRFactory,780,0,139,0,228,0,140,0,27,0
AlgorithmName2,com.google.javascript.jscomp.parsing,ParserRunner,195,0,14,0,47,0,14,0,7,0
AlgorithmName2,com.google.javascript.jscomp.parsing,TypeSafeDispatcher,315,0,54,0,64,0,47,0,2,0
AlgorithmName2,com.google.javascript.jscomp.parsing,JsDocToken,214,0,0,0,22,0,1,0,1,0
AlgorithmName2,com.google.javascript.jscomp.parsing,JsDocInfoParser.ErrorReporterParser,74,0,0,0,15,0,5,0,5,0
AlgorithmName2,com.google.javascript.rhino,JSDocInfo.NamePosition,3,0,0,0,1,0,1,0,1,0
AlgorithmName2,com.google.javascript.rhino,JSDocInfo.LazilyInitializedDocumentation,33,0,0,0,11,0,1,0,1,0
AlgorithmName2,com.google.javascript.rhino,SourcePosition,91,0,6,0,23,0,11,0,8,0
AlgorithmName2,com.google.javascript.rhino,TokenStream,571,0,165,0,111,0,109,0,3,0
AlgorithmName2,com.google.javascript.rhino,JSDocInfo,1375,0,226,0,348,0,240,0,127,0
AlgorithmName2,com.google.javascript.rhino,Node.ObjectPropListItem,33,0,2,0,7,0,6,0,5,0
AlgorithmName2,com.google.javascript.rhino,Node.StringNode,73,0,10,0,20,0,12,0,7,0
AlgorithmName2,com.google.javascript.rhino,Token,205,0,98,0,100,0,99,0,2,0
AlgorithmName2,com.google.javascript.rhino,ScriptRuntime,653,0,154,0,168,0,96,0,12,0
AlgorithmName2,com.google.javascript.rhino,JSDocInfo.Marker,53,0,0,0,21,0,11,0,11,0
AlgorithmName2,com.google.javascript.rhino,IR,870,0,60,0,184,0,100,0,69,0
AlgorithmName2,com.google.javascript.rhino,JSDocInfo.Visibility,44,0,0,0,5,0,1,0,1,0
AlgorithmName2,com.google.javascript.rhino,Node.AbstractPropListItem,15,0,0,0,6,0,3,0,3,0
AlgorithmName2,com.google.javascript.rhino,JSDocInfo.TrimmedStringPosition,25,0,4,0,6,0,4,0,2,0
AlgorithmName2,com.google.javascript.rhino,JSDocInfoBuilder,1002,0,182,0,304,0,156,0,65,0
AlgorithmName2,com.google.javascript.rhino,Node.SideEffectFlags,75,0,2,0,28,0,14,0,13,0
AlgorithmName2,com.google.javascript.rhino,Node.FileLevelJsDocBuilder,39,0,4,0,10,0,4,0,2,0
AlgorithmName2,com.google.javascript.rhino,Node.NumberNode,40,0,4,0,11,0,7,0,5,0
AlgorithmName2,com.google.javascript.rhino,JSDocInfo.TypePosition,13,0,0,0,5,0,3,0,3,0
AlgorithmName2,com.google.javascript.rhino,Node.IntPropListItem,28,0,0,0,7,0,5,0,5,0
AlgorithmName2,com.google.javascript.rhino,JSDocInfo.LazilyInitializedInfo,42,0,0,0,14,0,1,0,1,0
AlgorithmName2,com.google.javascript.rhino,Node,3064,0,488,0,720,0,454,0,198,0
AlgorithmName2,com.google.javascript.rhino,Node.AncestorIterable.new Iterator() {...},39,0,4,0,7,0,6,0,4,0
AlgorithmName2,com.google.javascript.rhino,Node.SiblingNodeIterable,55,0,6,0,15,0,8,0,5,0
AlgorithmName2,com.google.javascript.rhino,Node.AncestorIterable,11,0,0,0,4,0,2,0,2,0
AlgorithmName2,com.google.javascript.rhino,JSTypeExpression,83,0,12,0,16,0,14,0,8,0
AlgorithmName2,com.google.javascript.rhino,Node.NodeMismatch,47,0,6,0,9,0,6,0,3,0
AlgorithmName2,com.google.javascript.rhino,InputId,46,0,6,0,10,0,8,0,5,0
AlgorithmName2,com.google.javascript.rhino,JSDocInfo.StringPosition,3,0,0,0,1,0,1,0,1,0
AlgorithmName2,com.google.javascript.rhino,SimpleErrorReporter,93,0,12,0,25,0,12,0,6,0
AlgorithmName2,com.example.algorithm2,Algorithm2,42,0,8,0,9,0,7,0,3,0
AlgorithmName2,com.google.javascript.rhino.jstype,TernaryValue,40,0,2,0,5,0,3,0,2,0
AlgorithmName2,com.google.javascript.rhino.jstype,UnresolvedTypeExpression,23,0,0,0,6,0,2,0,2,0
AlgorithmName2,com.google.javascript.rhino.jstype,NamedType,503,0,94,0,130,0,68,0,21,0
AlgorithmName2,com.google.javascript.rhino.jstype,NoObjectType,90,0,10,0,29,0,28,0,23,0
AlgorithmName2,com.google.javascript.rhino.jstype,NumberType,49,0,6,0,19,0,15,0,12,0
AlgorithmName2,com.google.javascript.rhino.jstype,RecordTypeBuilder.RecordProperty,15,0,0,0,6,0,3,0,3,0
AlgorithmName2,com.google.javascript.rhino.jstype,VoidType,49,0,6,0,17,0,14,0,11,0
AlgorithmName2,com.google.javascript.rhino.jstype,RecordType,416,0,72,0,98,0,45,0,9,0
AlgorithmName2,com.google.javascript.rhino.jstype,AllType,27,0,0,0,13,0,12,0,12,0
AlgorithmName2,com.google.javascript.rhino.jstype,SimpleSlot,25,0,0,0,10,0,6,0,6,0
AlgorithmName2,com.google.javascript.rhino.jstype,FunctionType.Kind,34,0,0,0,4,0,1,0,1,0
AlgorithmName2,com.google.javascript.rhino.jstype,RecordTypeBuilder,49,0,4,0,13,0,5,0,3,0
AlgorithmName2,com.google.javascript.rhino.jstype,PrototypeObjectType,783,0,168,0,204,0,124,0,40,0
AlgorithmName2,com.google.javascript.rhino.jstype,ProxyObjectType,442,0,58,0,106,0,92,0,63,0
AlgorithmName2,com.google.javascript.rhino.jstype,NamedType.PropertyContinuation,27,0,0,0,8,0,2,0,2,0
AlgorithmName2,com.google.javascript.rhino.jstype,UnionTypeBuilder,332,0,72,0,90,0,43,0,7,0
AlgorithmName2,com.google.javascript.rhino.jstype,ValueType,8,0,0,0,4,0,3,0,3,0
AlgorithmName2,com.google.javascript.rhino.jstype,BooleanType,52,0,8,0,20,0,16,0,12,0
AlgorithmName2,com.google.javascript.rhino.jstype,FunctionBuilder,163,0,0,0,48,0,15,0,15,0
AlgorithmName2,com.google.javascript.rhino.jstype,SimpleSourceFile,20,0,0,0,8,0,5,0,5,0
AlgorithmName2,com.google.javascript.rhino.jstype,FunctionType,1823,0,342,0,442,0,236,0,65,0
AlgorithmName2,com.google.javascript.rhino.jstype,UnionType,985,0,166,0,245,0,117,0,34,0
AlgorithmName2,com.google.javascript.rhino.jstype,FunctionParamBuilder,150,0,22,0,34,0,20,0,9,0
AlgorithmName2,com.google.javascript.rhino.jstype,JSTypeRegistry,2522,0,155,0,579,0,166,0,83,0
AlgorithmName2,com.google.javascript.rhino.jstype,ArrowType,297,0,70,0,88,0,48,0,13,0
AlgorithmName2,com.google.javascript.rhino.jstype,SimpleReference,54,0,4,0,10,0,7,0,5,0
AlgorithmName2,com.google.javascript.rhino.jstype,InstanceObjectType,201,0,44,0,45,0,43,0,21,0
AlgorithmName2,com.google.javascript.rhino.jstype,ObjectType,322,0,50,0,100,0,65,0,40,0
AlgorithmName2,com.google.javascript.rhino.jstype,ParameterizedType,11,0,0,0,4,0,2,0,2,0
AlgorithmName2,com.google.javascript.rhino.jstype,JSTypeNative,554,0,0,0,56,0,1,0,1,0
AlgorithmName2,com.google.javascript.rhino.jstype,NoType,25,0,0,0,12,0,11,0,11,0
AlgorithmName2,com.google.javascript.rhino.jstype,TernaryValue.new TernaryValue() {...},30,0,4,0,7,0,9,0,7,0
AlgorithmName2,com.google.javascript.rhino.jstype,TernaryValue.new TernaryValue() {...},18,0,0,0,7,0,7,0,7,0
AlgorithmName2,com.google.javascript.rhino.jstype,TernaryValue.new TernaryValue() {...},19,0,0,0,7,0,7,0,7,0
AlgorithmName2,com.google.javascript.rhino.jstype,JSTypeRegistry.ResolveMode,34,0,0,0,4,0,1,0,1,0
AlgorithmName2,com.google.javascript.rhino.jstype,TemplateType,18,0,0,0,6,0,4,0,4,0
AlgorithmName2,com.google.javascript.rhino.jstype,StringType,47,0,6,0,18,0,14,0,11,0
AlgorithmName2,com.google.javascript.rhino.jstype,UnknownType,68,0,2,0,30,0,29,0,28,0
AlgorithmName2,com.google.javascript.rhino.jstype,BooleanLiteralSet,116,0,14,0,21,0,16,0,6,0
AlgorithmName2,com.google.javascript.rhino.jstype,IndexedType,11,0,0,0,4,0,2,0,2,0
AlgorithmName2,com.google.javascript.rhino.jstype,JSType,960,0,194,0,247,0,192,0,94,0
AlgorithmName2,com.google.javascript.rhino.jstype,EnumType,128,0,10,0,28,0,22,0,17,0
AlgorithmName2,com.google.javascript.rhino.jstype,JSType.TypePair,9,0,0,0,4,0,1,0,1,0
AlgorithmName2,com.google.javascript.rhino.jstype,ErrorFunctionType,40,0,0,0,8,0,1,0,1,0
AlgorithmName2,com.google.javascript.rhino.jstype,NoResolvedType,27,0,4,0,9,0,8,0,6,0
AlgorithmName2,com.google.javascript.rhino.jstype,JSTypeRegistry.new FunctionType() {...},19,0,0,0,2,0,2,0,2,0
AlgorithmName2,com.google.javascript.rhino.jstype,ObjectType.Property,72,0,6,0,22,0,16,0,13,0
AlgorithmName2,com.google.javascript.rhino.jstype,JSType.new Comparator() {...},9,0,0,0,2,0,2,0,2,0
AlgorithmName2,com.google.javascript.rhino.jstype,EnumElementType,244,0,30,0,63,0,47,0,32,0
AlgorithmName2,com.google.javascript.rhino.jstype,NullType,55,0,10,0,20,0,17,0,12,0
AlgorithmName2,com.google.javascript.jscomp.regex,RegExpTree.DecomposedCharset,352,0,79,0,69,0,49,0,7,0
AlgorithmName2,com.google.javascript.jscomp.regex,RegExpTree.Concatenation.new Object() {...},199,0,32,0,47,0,19,0,3,0
AlgorithmName2,com.google.javascript.jscomp.regex,RegExpTree.RegExpTreeAtom,11,0,0,0,5,0,5,0,5,0
AlgorithmName2,com.google.javascript.jscomp.regex,RegExpTree.Charset,381,0,42,0,89,0,32,0,11,0
AlgorithmName2,com.google.javascript.jscomp.regex,CharRanges,1039,0,142,0,188,0,91,0,20,0
AlgorithmName2,com.google.javascript.jscomp.regex,RegExpTree.Alternation,392,0,72,0,87,0,47,0,10,0
AlgorithmName2,com.google.javascript.jscomp.regex,RegExpTree.Empty,17,0,0,0,7,0,7,0,7,0
AlgorithmName2,com.google.javascript.jscomp.regex,RegExpTree.BackReference,49,0,8,0,11,0,10,0,6,0
AlgorithmName2,com.google.javascript.jscomp.regex,CaseCanonicalize,9125,0,26,0,220,0,18,0,5,0
AlgorithmName2,com.google.javascript.jscomp.regex,RegExpTree.WordBoundary,40,0,4,0,10,0,8,0,6,0
AlgorithmName2,com.google.javascript.jscomp.regex,RegExpTree.CapturingGroup,62,0,4,0,16,0,12,0,10,0
AlgorithmName2,com.google.javascript.jscomp.regex,RegExpTree.Anchor,40,0,4,0,9,0,9,0,7,0
AlgorithmName2,com.google.javascript.jscomp.regex,RegExpTree,510,0,35,0,83,0,29,0,9,0
AlgorithmName2,com.google.javascript.jscomp.regex,RegExpTree.new Object() {...},1097,0,179,0,233,0,108,0,10,0
AlgorithmName2,com.google.javascript.jscomp.regex,RegExpTree.LookaheadAssertion,102,0,14,0,23,0,17,0,10,0
AlgorithmName2,com.google.javascript.jscomp.regex,CaseCanonicalize.DeltaSet,9,0,0,0,4,0,1,0,1,0
AlgorithmName2,com.google.javascript.jscomp.regex,RegExpTree.Concatenation,243,0,45,0,55,0,34,0,11,0
AlgorithmName2,com.google.javascript.jscomp.regex,RegExpTree.Repetition,485,0,106,0,97,0,67,0,13,0
AlgorithmName2,com.google.javascript.jscomp.regex,RegExpTree.Text,144,0,25,0,31,0,21,0,8,0
AlgorithmName2,com.google.javascript.jscomp.ant,CompileTask,872,0,76,0,208,0,72,0,34,0
AlgorithmName2,com.google.javascript.jscomp.ant,AntErrorManager,84,0,7,0,17,0,7,0,3,0
AlgorithmName2,com.google.debugging.sourcemap,Base64VLQ,97,0,14,0,24,0,11,0,4,0
AlgorithmName2,com.google.debugging.sourcemap,SourceMapConsumerV3.MappingBuilder,319,0,32,0,65,0,24,0,7,0
AlgorithmName2,com.google.debugging.sourcemap,SourceMapConsumerV1.LineFragment,42,0,4,0,10,0,5,0,3,0
AlgorithmName2,com.google.debugging.sourcemap,SourceMapConsumerV3.DefaultSourceMapSupplier,5,0,0,0,2,0,2,0,2,0
AlgorithmName2,com.google.debugging.sourcemap,SourceMapSection.SectionType,24,0,0,0,3,0,1,0,1,0
AlgorithmName2,com.google.debugging.sourcemap,SourceMapGeneratorV3.MappingTraversal,238,0,42,0,47,0,29,0,8,0
AlgorithmName2,com.google.debugging.sourcemap,FilePosition,15,0,0,0,6,0,3,0,3,0
AlgorithmName2,com.google.debugging.sourcemap,SourceMapGeneratorFactory,28,0,4,0,7,0,6,0,3,0
AlgorithmName2,com.google.debugging.sourcemap,SourceMapGeneratorV3.UsedMappingCheck,12,0,2,0,4,0,3,0,2,0
AlgorithmName2,com.google.debugging.sourcemap,SourceMapGeneratorV2.MappingTraversal,238,0,42,0,47,0,29,0,8,0
AlgorithmName2,com.google.debugging.sourcemap,SourceMapGeneratorV3.Mapping,9,0,0,0,3,0,1,0,1,0
AlgorithmName2,com.google.debugging.sourcemap,SourceMapGeneratorV2.LineMapper,149,0,16,0,36,0,14,0,6,0
AlgorithmName2,com.google.debugging.sourcemap,SourceMapConsumerV3.UnmappedEntry,17,0,0,0,8,0,6,0,6,0
AlgorithmName2,com.google.debugging.sourcemap,SourceMapGeneratorV1.Mapping,9,0,0,0,3,0,1,0,1,0
AlgorithmName2,com.google.debugging.sourcemap,SourceMapGeneratorV2.LineMapEncoder,218,0,28,0,44,0,19,0,5,0
AlgorithmName2,com.google.debugging.sourcemap,SourceMapConsumerV1.ParseState,81,0,8,0,21,0,9,0,5,0
AlgorithmName2,com.google.debugging.sourcemap,SourceMapGeneratorV2.MappingWriter,99,0,8,0,23,0,7,0,3,0
AlgorithmName2,com.google.debugging.sourcemap,SourceMapConsumerV1.FileName,12,0,0,0,4,0,1,0,1,0
AlgorithmName2,com.google.debugging.sourcemap,SourceMapLineDecoder.StringParser,38,0,2,0,7,0,5,0,4,0
AlgorithmName2,com.google.debugging.sourcemap,Util,316,0,35,0,55,0,27,0,6,0
AlgorithmName2,com.google.debugging.sourcemap,SourceMapGeneratorV2.UsedMappingCheck,12,0,2,0,4,0,3,0,2,0
AlgorithmName2,com.google.debugging.sourcemap,SourceMapConsumerV3.NamedEntry,13,0,0,0,4,0,2,0,2,0
AlgorithmName2,com.google.debugging.sourcemap,SourceMapGeneratorV2.Mapping,9,0,0,0,3,0,1,0,1,0
AlgorithmName2,com.google.debugging.sourcemap,SourceMapGeneratorV1.MappingTraversal,238,0,42,0,47,0,29,0,8,0
AlgorithmName2,com.google.debugging.sourcemap,SourceMapGeneratorV3.ConsumerEntryVisitor,15,0,0,0,3,0,2,0,2,0
AlgorithmName2,com.google.debugging.sourcemap,SourceMapConsumerV3.StringCharIterator,39,0,2,0,8,0,5,0,4,0
AlgorithmName2,com.google.debugging.sourcemap,SourceMapSection,72,0,2,0,21,0,11,0,10,0
AlgorithmName2,com.google.debugging.sourcemap,SourceMapLineDecoder,163,0,14,0,41,0,13,0,6,0
AlgorithmName2,com.google.debugging.sourcemap,Base64,60,0,8,0,10,0,7,0,3,0
AlgorithmName2,com.google.debugging.sourcemap,SourceMapGeneratorV1.LineMapper,126,0,20,0,37,0,16,0,6,0
AlgorithmName2,com.google.debugging.sourcemap,SourceMapGeneratorV3,688,0,50,0,180,0,46,0,21,0
AlgorithmName2,com.google.debugging.sourcemap,SourceMapGeneratorV1,354,0,34,0,81,0,27,0,10,0
AlgorithmName2,com.google.debugging.sourcemap,SourceMapGeneratorV2,582,0,42,0,152,0,40,0,19,0
AlgorithmName2,com.google.debugging.sourcemap,SourceMapConsumerV1.SourceFile.Builder,63,0,0,0,16,0,9,0,9,0
AlgorithmName2,com.google.debugging.sourcemap,SourceMapGeneratorV1.UsedMappingCheck,12,0,2,0,4,0,3,0,2,0
AlgorithmName2,com.google.debugging.sourcemap,SourceMapConsumerV3,782,0,98,0,184,0,65,0,16,0
AlgorithmName2,com.google.debugging.sourcemap,SourceMapConsumerV2,275,0,28,0,68,0,19,0,5,0
AlgorithmName2,com.google.debugging.sourcemap,SourceMapConsumerV1,565,0,62,0,152,0,40,0,9,0
AlgorithmName2,com.google.debugging.sourcemap,SourceMapParseException,4,0,0,0,2,0,1,0,1,0
AlgorithmName2,com.google.debugging.sourcemap,SourceMapConsumerFactory,81,0,7,0,19,0,6,0,2,0
AlgorithmName2,com.google.debugging.sourcemap,SourceMapConsumerV3.UnnamedEntry,24,0,0,0,9,0,5,0,5,0
AlgorithmName2,com.google.debugging.sourcemap,SourceMapGeneratorV3.LineMapper,183,0,22,0,48,0,17,0,6,0
AlgorithmName2,com.google.debugging.sourcemap,SourceMapLineDecoder.LineEntry,9,0,0,0,4,0,1,0,1,0
AlgorithmName2,com.google.debugging.sourcemap,SourceMapGeneratorV1.MappingWriter,117,0,10,0,31,0,8,0,3,0
AlgorithmName2,com.google.debugging.sourcemap,SourceMapFormat,44,0,0,0,5,0,1,0,1,0
AlgorithmName2,com.google.debugging.sourcemap,SourceMapConsumerV1.SourceFile,128,0,6,0,31,0,9,0,6,0
AlgorithmName2,com.google.javascript.jscomp.graph,StandardUnionFind,257,0,20,0,55,0,21,0,11,0
AlgorithmName2,com.google.javascript.jscomp.graph,LinkedUndirectedGraph,490,0,58,0,112,0,57,0,28,0
AlgorithmName2,com.google.javascript.jscomp.graph,DiGraph,33,0,8,0,4,0,7,0,3,0
AlgorithmName2,com.google.javascript.jscomp.graph,GraphColoring,39,0,2,0,11,0,4,0,3,0
AlgorithmName2,com.google.javascript.jscomp.graph,LinkedUndirectedGraph.LinkedUndirectedGraphNode,56,0,2,0,14,0,11,0,10,0
AlgorithmName2,com.google.javascript.jscomp.graph,Graph.GraphAnnotationState,4,0,0,0,2,0,1,0,1,0
AlgorithmName2,com.google.javascript.jscomp.graph,Graph.AnnotationState,9,0,0,0,4,0,1,0,1,0
AlgorithmName2,com.google.javascript.jscomp.graph,LinkedDirectedGraph.LinkedDirectedGraphEdge,81,0,2,0,21,0,16,0,15,0
AlgorithmName2,com.google.javascript.jscomp.graph,LinkedUndirectedGraph.AnnotatedLinkedUndirectedGraphEdge,13,0,0,0,5,0,3,0,3,0
AlgorithmName2,com.google.javascript.jscomp.graph,LinkedDirectedGraph.LinkedDirectedGraphNode,61,0,2,0,16,0,12,0,11,0
AlgorithmName2,com.google.javascript.jscomp.graph,LinkedUndirectedGraph.LinkedUndirectedGraphEdge,67,0,2,0,15,0,12,0,11,0
AlgorithmName2,com.google.javascript.jscomp.graph,LinkedUndirectedGraph.AnnotatedLinkedUndirectedGraphNode,11,0,0,0,5,0,3,0,3,0
AlgorithmName2,com.google.javascript.jscomp.graph,LinkedDirectedGraph,586,0,46,0,132,0,59,0,36,0
AlgorithmName2,com.google.javascript.jscomp.graph,UndiGraph,3,0,0,0,1,0,1,0,1,0
AlgorithmName2,com.google.javascript.jscomp.graph,GraphReachability,94,0,10,0,25,0,11,0,6,0
AlgorithmName2,com.google.javascript.jscomp.graph,GraphReachability.EdgeTuple,12,0,0,0,5,0,1,0,1,0
AlgorithmName2,com.google.javascript.jscomp.graph,StandardUnionFind.Node,15,0,0,0,6,0,1,0,1,0
AlgorithmName2,com.google.javascript.jscomp.graph,StandardUnionFind.new Predicate() {...},54,0,6,0,9,0,5,0,2,0
AlgorithmName2,com.google.javascript.jscomp.graph,StandardUnionFind.new AbstractSet() {...},38,0,0,0,4,0,4,0,4,0
AlgorithmName2,com.google.javascript.jscomp.graph,GraphColoring.GreedyGraphColoring,74,0,6,0,23,0,6,0,3,0
AlgorithmName2,com.google.javascript.jscomp.graph,GraphPruner,180,0,24,0,39,0,15,0,3,0
AlgorithmName2,com.google.javascript.jscomp.graph,GraphColoring.GreedyGraphColoring.new Comparator() {...},37,0,4,0,5,0,4,0,2,0
AlgorithmName2,com.google.javascript.jscomp.graph,FixedPointGraphTraversal,143,0,14,0,33,0,12,0,5,0
AlgorithmName2,com.google.javascript.jscomp.graph,GraphReachability.new Annotation() {...},3,0,0,0,1,0,1,0,1,0
AlgorithmName2,com.google.javascript.jscomp.graph,LinkedDirectedGraph.LinkedDirectedGraphNode.NeighborIterator,63,0,10,0,9,0,9,0,4,0
AlgorithmName2,com.google.javascript.jscomp.graph,Graph.SimpleSubGraph,50,0,4,0,12,0,5,0,3,0
AlgorithmName2,com.google.javascript.jscomp.graph,LinkedDirectedGraph.AnnotatedLinkedDirectedGraphNode,11,0,0,0,5,0,3,0,3,0
AlgorithmName2,com.google.javascript.jscomp.graph,GraphColoring.Color,27,0,4,0,8,0,5,0,3,0
AlgorithmName2,com.google.javascript.jscomp.graph,LinkedDirectedGraph.AnnotatedLinkedDirectedGraphEdge,13,0,0,0,5,0,3,0,3,0
AlgorithmName2,com.google.javascript.jscomp.graph,Graph,173,0,18,0,42,0,22,0,13,0
AlgorithmName2,com.google.javascript.jscomp.graph,LinkedUndirectedGraph.LinkedUndirectedGraphNode.NeighborIterator,37,0,2,0,9,0,5,0,4,0
