GROUP,PACKAGE,CLASS,INSTRUCTION_MISSED,INSTRUCTION_COVERED,BRANCH_MISSED,BRANCH_COVERED,LINE_MISSED,LINE_COVERED,COMPLEXITY_MISSED,COMPLEXITY_COVERED,METHOD_MISSED,METHOD_COVERED
AlgorithmName2,com.google.javascript.jscomp,ShowByPathWarningsGuard,92,0,14,0,21,0,13,0,6,0
AlgorithmName2,com.google.javascript.jscomp,RuntimeTypeCheck,98,0,2,0,24,0,7,0,6,0
AlgorithmName2,com.google.javascript.jscomp,LiveVariablesAnalysis,352,0,46,0,82,0,37,0,11,0
AlgorithmName2,com.google.javascript.jscomp,FunctionInjector.CallSiteType,64,0,0,0,7,0,1,0,1,0
AlgorithmName2,com.google.javascript.jscomp,DefaultCodingConvention,103,0,16,0,30,0,36,0,28,0
AlgorithmName2,com.google.javascript.jscomp,CodePrinter,69,0,12,0,17,0,8,0,2,0
AlgorithmName2,com.google.javascript.jscomp,SideEffectsAnalysis.VariableUseDeclarationMap,69,0,4,0,17,0,5,0,3,0
AlgorithmName2,com.google.javascript.jscomp,ReplaceCssNames.Traversal,327,0,30,0,65,0,19,0,3,0
AlgorithmName2,com.google.javascript.jscomp,OptimizeReturns,209,0,43,0,53,0,30,0,7,0
AlgorithmName2,com.google.javascript.jscomp,DefaultPassConfig.GlobalTypeResolver,36,0,2,0,9,0,4,0,3,0
AlgorithmName2,com.google.javascript.jscomp,PureFunctionIdentifier,647,0,104,0,166,0,63,0,11,0
AlgorithmName2,com.google.javascript.jscomp,SideEffectsAnalysis.LocationAbstractionMode,24,0,0,0,3,0,1,0,1,0
AlgorithmName2,com.google.javascript.jscomp,VariableRenamingPolicy,44,0,0,0,5,0,1,0,1,0
AlgorithmName2,com.google.javascript.jscomp,PrepareAst,157,0,32,0,42,0,22,0,6,0
AlgorithmName2,com.google.javascript.jscomp,DefaultPassConfig.22.new HotSwapCompilerPass() {...},40,0,0,0,7,0,3,0,3,0
AlgorithmName2,com.google.javascript.jscomp,ExternExportsPass.new Comparator() {...},12,0,0,0,2,0,2,0,2,0
AlgorithmName2,com.google.javascript.jscomp,ChainCalls,76,0,2,0,17,0,3,0,2,0
AlgorithmName2,com.google.javascript.jscomp,ProcessTweaks.TweakFunction,218,0,12,0,35,0,19,0,12,0
AlgorithmName2,com.google.javascript.jscomp,InstrumentFunctions.InstrumentCallback,150,0,18,0,39,0,11,0,2,0
AlgorithmName2,com.google.javascript.jscomp,DisambiguateProperties,420,0,48,0,88,0,35,0,11,0
AlgorithmName2,com.google.javascript.jscomp,NameAnalyzer.ClassDefiningFunctionNode,56,0,6,0,10,0,5,0,2,0
AlgorithmName2,com.google.javascript.jscomp,RemoveTryCatch,21,0,0,0,6,0,2,0,2,0
AlgorithmName2,com.google.javascript.jscomp,CheckMissingReturn,151,0,22,0,46,0,21,0,10,0
AlgorithmName2,com.google.javascript.jscomp,Normalize,187,0,4,0,35,0,9,0,7,0
AlgorithmName2,com.google.javascript.jscomp,SuspiciousPropertiesCheck.ProcessProperties,236,0,44,0,52,0,27,0,4,0
AlgorithmName2,com.google.javascript.jscomp,RemoveUnusedVars,853,0,171,0,214,0,101,0,14,0
AlgorithmName2,com.google.javascript.jscomp,FunctionInfo.new Descriptors.FileDescriptor.InternalDescriptorAssigner() {...},97,0,0,0,11,0,2,0,2,0
AlgorithmName2,com.google.javascript.jscomp,TypedScopeCreator.DiscoverEnumsAndTypedefs,74,0,15,0,26,0,11,0,3,0
AlgorithmName2,com.google.javascript.jscomp,ObjectPropertyStringPreprocess,63,0,4,0,20,0,6,0,4,0
AlgorithmName2,com.google.javascript.jscomp,TypedScopeCreator.DeferredSetType,32,0,0,0,9,0,2,0,2,0
AlgorithmName2,com.google.javascript.jscomp,ControlFlowAnalysis.new Comparator() {...},24,0,0,0,2,0,2,0,2,0
AlgorithmName2,com.google.javascript.jscomp,ClosureCodingConvention,441,0,78,0,109,0,62,0,23,0
AlgorithmName2,com.google.javascript.jscomp,CrossModuleMethodMotion.IdGenerator,21,0,2,0,4,0,4,0,3,0
AlgorithmName2,com.google.javascript.jscomp,CompilerOptions.TracerMode,41,0,2,0,5,0,3,0,2,0
AlgorithmName2,com.google.javascript.jscomp,ChainCalls.GatherCallSites,138,0,30,0,42,0,17,0,2,0
AlgorithmName2,com.google.javascript.jscomp,SyntheticAst,35,0,0,0,11,0,5,0,5,0
AlgorithmName2,com.google.javascript.jscomp,CompilerInput,359,0,20,0,88,0,35,0,25,0
AlgorithmName2,com.google.javascript.jscomp,AstValidator,1460,0,149,0,440,0,157,0,65,0
AlgorithmName2,com.google.javascript.jscomp,TypedScopeCreator.AbstractScopeBuilder.CollectProperties,87,0,17,0,24,0,12,0,3,0
AlgorithmName2,com.google.javascript.jscomp,JsMessageVisitor.MalformedException,10,0,0,0,4,0,2,0,2,0
AlgorithmName2,com.google.javascript.jscomp,CallGraph,599,0,100,0,152,0,73,0,23,0
AlgorithmName2,com.google.javascript.jscomp,TightenTypes.ExternFunctionCall,29,0,0,0,6,0,2,0,2,0
AlgorithmName2,com.google.javascript.jscomp,DefinitionsRemover,148,0,44,0,36,0,25,0,3,0
AlgorithmName2,com.google.javascript.jscomp,Scope,313,0,38,0,73,0,43,0,24,0
AlgorithmName2,com.google.javascript.jscomp,NodeUtil.MayBeStringResultPredicate,6,0,0,0,2,0,2,0,2,0
AlgorithmName2,com.google.javascript.jscomp,RemoveUnusedPrototypeProperties,159,0,26,0,49,0,19,0,6,0
AlgorithmName2,com.google.javascript.jscomp,DefaultPassConfig.HotSwapPassFactory,9,0,0,0,3,0,2,0,2,0
AlgorithmName2,com.google.javascript.jscomp,DefaultPassConfig.55.new CompilerPass() {...},23,0,0,0,5,0,2,0,2,0
AlgorithmName2,com.google.javascript.jscomp,ChainableReverseAbstractInterpreter.RestrictByTypeOfResultVisitor,74,0,10,0,17,0,11,0,6,0
AlgorithmName2,com.google.javascript.jscomp,NameReferenceGraphReport,430,0,26,0,101,0,23,0,10,0
AlgorithmName2,com.google.javascript.jscomp,AbstractCommandLineRunner.RunTimeStats,126,0,4,0,27,0,6,0,4,0
AlgorithmName2,com.google.javascript.jscomp,NameReferenceGraph.Reference,36,0,0,0,14,0,7,0,7,0
AlgorithmName2,com.google.javascript.jscomp,DiagnosticType,84,0,4,0,16,0,12,0,10,0
AlgorithmName2,com.google.javascript.jscomp,JsMessageDefinition,21,0,0,0,8,0,4,0,4,0
AlgorithmName2,com.google.javascript.jscomp,SourceInformationAnnotator,80,0,19,0,24,0,14,0,3,0
AlgorithmName2,com.google.javascript.jscomp,NameAnalyzer.FindDependencyScopes,118,0,22,0,27,0,14,0,3,0
AlgorithmName2,com.google.javascript.jscomp,ExternExportsPass.Export,329,0,45,0,81,0,33,0,10,0
AlgorithmName2,com.google.javascript.jscomp,TypeValidator.TypeMismatch,76,0,10,0,11,0,9,0,4,0
AlgorithmName2,com.google.javascript.jscomp,DefaultPassConfig.new DefaultPassConfig.HotSwapPassFactory() {...},13,0,0,0,2,0,2,0,2,0
AlgorithmName2,com.google.javascript.jscomp,PeepholeFoldConstants,3186,0,710,0,900,0,430,0,41,0
AlgorithmName2,com.google.javascript.jscomp,DefaultPassConfig.new DefaultPassConfig.HotSwapPassFactory() {...},46,0,4,0,8,0,4,0,2,0
AlgorithmName2,com.google.javascript.jscomp,DefaultPassConfig.new DefaultPassConfig.HotSwapPassFactory() {...},17,0,0,0,2,0,2,0,2,0
AlgorithmName2,com.google.javascript.jscomp,DefaultPassConfig.new DefaultPassConfig.HotSwapPassFactory() {...},17,0,0,0,2,0,2,0,2,0
AlgorithmName2,com.google.javascript.jscomp,ConstCheck,153,0,28,0,40,0,21,0,6,0
AlgorithmName2,com.google.javascript.jscomp,DefaultPassConfig.new PassFactory() {...},27,0,2,0,6,0,3,0,2,0
AlgorithmName2,com.google.javascript.jscomp,DefaultPassConfig.new PassFactory() {...},32,0,4,0,8,0,4,0,2,0
AlgorithmName2,com.google.javascript.jscomp,NodeUtil.MatchShallowStatement,25,0,10,0,6,0,7,0,2,0
AlgorithmName2,com.google.javascript.jscomp,DefaultPassConfig.new DefaultPassConfig.HotSwapPassFactory() {...},27,0,0,0,3,0,2,0,2,0
AlgorithmName2,com.google.javascript.jscomp,SimpleDefinitionFinder,416,0,84,0,115,0,56,0,14,0
AlgorithmName2,com.google.javascript.jscomp,DefaultPassConfig.new PassFactory() {...},19,0,0,0,3,0,2,0,2,0
AlgorithmName2,com.google.javascript.jscomp,DefaultPassConfig.new PassFactory() {...},22,0,0,0,3,0,2,0,2,0
AlgorithmName2,com.google.javascript.jscomp,PhaseOptimizer.LoopInternal,230,0,28,0,51,0,20,0,6,0
AlgorithmName2,com.google.javascript.jscomp,NodeIterators.FunctionlessLocalScope,146,0,22,0,31,0,18,0,7,0
AlgorithmName2,com.google.javascript.jscomp,ConcreteType.new ConcreteType.TypeFilter() {...},16,0,2,0,2,0,3,0,2,0
AlgorithmName2,com.google.javascript.jscomp,ConcreteType.new ConcreteType.TypeFilter() {...},17,0,2,0,4,0,3,0,2,0
AlgorithmName2,com.google.javascript.jscomp,ConcreteType.new ConcreteType.TypeFilter() {...},16,0,2,0,2,0,3,0,2,0
AlgorithmName2,com.google.javascript.jscomp,ConcreteType.new ConcreteType.TypeFilter() {...},21,0,4,0,4,0,4,0,2,0
AlgorithmName2,com.google.javascript.jscomp,NameAnalyzer.FindReferences,486,0,114,0,128,0,65,0,8,0
AlgorithmName2,com.google.javascript.jscomp,ConcreteType.new ConcreteType.TypeFilter() {...},20,0,4,0,5,0,4,0,2,0
AlgorithmName2,com.google.javascript.jscomp,ConcreteType.new ConcreteType.TypeFilter() {...},24,0,2,0,5,0,3,0,2,0
AlgorithmName2,com.google.javascript.jscomp,ConcreteType.new ConcreteType.TypeFilter() {...},30,0,4,0,4,0,4,0,2,0
AlgorithmName2,com.google.javascript.jscomp,ObjectPropertyStringPostprocess.Callback,85,0,8,0,28,0,6,0,2,0
AlgorithmName2,com.google.javascript.jscomp,ControlFlowGraph.AbstractCfgNodeTraversalCallback,14,0,4,0,4,0,4,0,2,0
AlgorithmName2,com.google.javascript.jscomp,NameAnalyzer.HoistVariableAndFunctionDeclarations,49,0,4,0,11,0,4,0,2,0
AlgorithmName2,com.google.javascript.jscomp,DefaultPassConfig.31.new CompilerPass() {...},43,0,0,0,7,0,2,0,2,0
AlgorithmName2,com.google.javascript.jscomp,RenameProperties.Property,12,0,0,0,4,0,1,0,1,0
AlgorithmName2,com.google.javascript.jscomp,AnalyzeNameReferences,77,0,2,0,19,0,5,0,4,0
AlgorithmName2,com.google.javascript.jscomp,Scope.Arguments,35,0,4,0,7,0,5,0,3,0
AlgorithmName2,com.google.javascript.jscomp,RuntimeTypeCheck.new Comparator() {...},38,0,12,0,11,0,9,0,3,0
AlgorithmName2,com.google.javascript.jscomp,MakeDeclaredNamesUnique.BoilerplateRenamer,18,0,0,0,5,0,2,0,2,0
AlgorithmName2,com.google.javascript.jscomp,CompilerInput.DepsFinder,75,0,14,0,24,0,10,0,3,0
AlgorithmName2,com.google.javascript.jscomp,AbstractCommandLineRunner,2110,0,284,0,472,0,182,0,40,0
AlgorithmName2,com.google.javascript.jscomp,PassFactory.new PassFactory() {...},21,0,0,0,3,0,3,0,3,0
AlgorithmName2,com.google.javascript.jscomp,WarningLevel,109,0,4,0,32,0,8,0,5,0
AlgorithmName2,com.google.javascript.jscomp,ShadowVariables.GatherReferenceInfo,78,0,16,0,18,0,10,0,2,0
AlgorithmName2,com.google.javascript.jscomp,NameAnonymousFunctionsMapped.MappedFunctionNamer,67,0,4,0,14,0,6,0,4,0
AlgorithmName2,com.google.javascript.jscomp,Denormalize.StripConstantAnnotations,29,0,4,0,9,0,5,0,3,0
AlgorithmName2,com.google.javascript.jscomp,DataFlowAnalysis.MaxIterationsExceededException,4,0,0,0,2,0,1,0,1,0
AlgorithmName2,com.google.javascript.jscomp,JsMessageVisitor,1139,0,163,0,274,0,106,0,20,0
AlgorithmName2,com.google.javascript.jscomp,AstChangeProxy,156,0,22,0,39,0,18,0,7,0
AlgorithmName2,com.google.javascript.jscomp,AmbiguateProperties.PropertyGraphNode,19,0,0,0,7,0,4,0,4,0
AlgorithmName2,com.google.javascript.jscomp,IgnoreCajaProperties.Traversal,133,0,6,0,21,0,5,0,2,0
AlgorithmName2,com.google.javascript.jscomp,ComposeWarningsGuard,233,0,30,0,58,0,25,0,10,0
AlgorithmName2,com.google.javascript.jscomp,InlineVariables,61,0,4,0,15,0,6,0,3,0
AlgorithmName2,com.google.javascript.jscomp,PeepholeOptimizationsPass,111,0,12,0,29,0,12,0,6,0
AlgorithmName2,com.google.javascript.jscomp,AnalyzePrototypeProperties.SymbolType,24,0,0,0,3,0,1,0,1,0
AlgorithmName2,com.google.javascript.jscomp,CustomPassExecutionTime,44,0,0,0,5,0,1,0,1,0
AlgorithmName2,com.google.javascript.jscomp,NodeTraversal.AbstractShallowCallback,17,0,6,0,3,0,5,0,2,0
AlgorithmName2,com.google.javascript.jscomp,SourceFile.Generated,25,0,2,0,10,0,4,0,3,0
AlgorithmName2,com.google.javascript.jscomp,JsMessage.Style,44,0,4,0,7,0,4,0,2,0
AlgorithmName2,com.google.javascript.jscomp,FunctionRewriter.GetterReducer,60,0,12,0,17,0,9,0,3,0
AlgorithmName2,com.google.javascript.jscomp,AbstractCommandLineRunner.WarningGuardSpec.Entry,9,0,0,0,4,0,1,0,1,0
AlgorithmName2,com.google.javascript.jscomp,DotFormatter,589,0,40,0,118,0,34,0,14,0
AlgorithmName2,com.google.javascript.jscomp,CollapseVariableDeclarations.GatherCollapses,168,0,38,0,37,0,23,0,4,0
AlgorithmName2,com.google.javascript.jscomp,GlobalVarReferenceMap,261,0,28,0,67,0,21,0,7,0
AlgorithmName2,com.google.javascript.jscomp,NameAnalyzer,1641,0,232,0,363,0,148,0,27,0
AlgorithmName2,com.google.javascript.jscomp,CollapseVariableDeclarations.Collapse,12,0,0,0,5,0,1,0,1,0
AlgorithmName2,com.google.javascript.jscomp,CommandLineRunner.Flags.WarningGuardWarningOptionHandler,11,0,0,0,2,0,1,0,1,0
AlgorithmName2,com.google.javascript.jscomp,JSModuleGraph.InverseDepthComparator,12,0,0,0,2,0,2,0,2,0
AlgorithmName2,com.google.javascript.jscomp,AliasExternals.Symbol,87,0,8,0,25,0,7,0,3,0
AlgorithmName2,com.google.javascript.jscomp,FunctionRewriter.IdentityReducer,52,0,12,0,17,0,9,0,3,0
AlgorithmName2,com.google.javascript.jscomp,FindExportableNodes.GenerateNodeContext,21,0,0,0,8,0,4,0,4,0
AlgorithmName2,com.google.javascript.jscomp,TypedCodeGenerator,388,0,78,0,80,0,44,0,5,0
AlgorithmName2,com.google.javascript.jscomp,CoalesceVariableNames.CombinedLiveRangeChecker,50,0,6,0,14,0,6,0,3,0
AlgorithmName2,com.google.javascript.jscomp,AnalyzePrototypeProperties.AssignmentProperty,32,0,0,0,10,0,6,0,6,0
AlgorithmName2,com.google.javascript.jscomp,FunctionRewriter.EmptyFunctionReducer,16,0,2,0,5,0,3,0,2,0
AlgorithmName2,com.google.javascript.jscomp,DefaultPassConfig.37.new CompilerPass() {...},42,0,0,0,5,0,2,0,2,0
AlgorithmName2,com.google.javascript.jscomp,SourceExcerptProvider.SourceExcerpt,24,0,0,0,3,0,1,0,1,0
AlgorithmName2,com.google.javascript.jscomp,AliasKeywords.VoidKeywordAliasSpecification,76,0,4,0,21,0,7,0,5,0
AlgorithmName2,com.google.javascript.jscomp,InlineObjectLiterals,25,0,0,0,7,0,2,0,2,0
AlgorithmName2,com.google.javascript.jscomp,VerboseMessageFormatter,98,0,8,0,15,0,8,0,4,0
AlgorithmName2,com.google.javascript.jscomp,InlineSimpleMethods,216,0,32,0,67,0,30,0,14,0
AlgorithmName2,com.google.javascript.jscomp,AnalyzeNameReferences.PropagateReferences,43,0,6,0,10,0,5,0,2,0
AlgorithmName2,com.google.javascript.jscomp,SourceFile.OnDisk,62,0,6,0,21,0,10,0,7,0
AlgorithmName2,com.google.javascript.jscomp,ClosureReverseAbstractInterpreter.new ChainableReverseAbstractInterpreter.RestrictByFalseTypeOfResultVisitor() {...},11,0,0,0,3,0,3,0,3,0
AlgorithmName2,com.google.javascript.jscomp,ClosureReverseAbstractInterpreter.new Function() {...},36,0,6,0,6,0,5,0,2,0
AlgorithmName2,com.google.javascript.jscomp,ClosureReverseAbstractInterpreter.new Function() {...},36,0,6,0,6,0,5,0,2,0
AlgorithmName2,com.google.javascript.jscomp,ClosureReverseAbstractInterpreter.new Function() {...},15,0,0,0,2,0,2,0,2,0
AlgorithmName2,com.google.javascript.jscomp,ClosureReverseAbstractInterpreter.new ChainableReverseAbstractInterpreter.RestrictByTrueTypeOfResultVisitor() {...},22,0,2,0,4,0,4,0,3,0
AlgorithmName2,com.google.javascript.jscomp,ClosureReverseAbstractInterpreter.new ChainableReverseAbstractInterpreter.RestrictByFalseTypeOfResultVisitor() {...},18,0,2,0,2,0,3,0,2,0
AlgorithmName2,com.google.javascript.jscomp,ClosureReverseAbstractInterpreter.new ChainableReverseAbstractInterpreter.RestrictByTrueTypeOfResultVisitor() {...},16,0,0,0,4,0,4,0,4,0
AlgorithmName2,com.google.javascript.jscomp,SemanticReverseAbstractInterpreter.RestrictByTrueInstanceOfResultVisitor,65,0,8,0,18,0,11,0,7,0
AlgorithmName2,com.google.javascript.jscomp,InlineFunctions,709,0,136,0,184,0,88,0,20,0
AlgorithmName2,com.google.javascript.jscomp,ClosureReverseAbstractInterpreter.new Function() {...},15,0,0,0,2,0,2,0,2,0
AlgorithmName2,com.google.javascript.jscomp,ClosureReverseAbstractInterpreter.new Function() {...},15,0,0,0,2,0,2,0,2,0
AlgorithmName2,com.google.javascript.jscomp,NameAnalyzer.PrototypeSetNode,45,0,4,0,10,0,4,0,2,0
AlgorithmName2,com.google.javascript.jscomp,AstParallelizer.new Predicate() {...},11,0,2,0,2,0,3,0,2,0
AlgorithmName2,com.google.javascript.jscomp,AstParallelizer.new Supplier() {...},7,0,0,0,2,0,2,0,2,0
AlgorithmName2,com.google.javascript.jscomp,AstParallelizer.new Predicate() {...},14,0,2,0,3,0,3,0,2,0
AlgorithmName2,com.google.javascript.jscomp,DataFlowAnalysis,422,0,50,0,94,0,35,0,10,0
AlgorithmName2,com.google.javascript.jscomp,CodePrinter.MappedCodePrinter,264,0,46,0,55,0,33,0,10,0
AlgorithmName2,com.google.javascript.jscomp,AstParallelizer.new Supplier() {...},19,0,0,0,3,0,2,0,2,0
AlgorithmName2,com.google.javascript.jscomp,AstParallelizer.new Predicate() {...},5,0,0,0,2,0,2,0,2,0
AlgorithmName2,com.google.javascript.jscomp,AstParallelizer.new Predicate() {...},6,0,0,0,2,0,2,0,2,0
AlgorithmName2,com.google.javascript.jscomp,ClosureOptimizePrimitives.FindObjectCreateCalls,31,0,6,0,8,0,5,0,2,0
AlgorithmName2,com.google.javascript.jscomp,SyntacticScopeCreator,296,0,45,0,79,0,32,0,8,0
AlgorithmName2,com.google.javascript.jscomp,FunctionTypeBuilder.ThisTypeValidator,30,0,2,0,6,0,3,0,2,0
AlgorithmName2,com.google.javascript.jscomp,CombinedCompilerPass,159,0,12,0,28,0,15,0,9,0
AlgorithmName2,com.google.javascript.jscomp,RenamePrototypes.ProcessExternedProperties,25,0,4,0,6,0,4,0,2,0
AlgorithmName2,com.google.javascript.jscomp,SourceMap,63,0,4,0,20,0,9,0,7,0
AlgorithmName2,com.google.javascript.jscomp,AnonymousFunctionNamingCallback,123,0,21,0,35,0,14,0,3,0
AlgorithmName2,com.google.javascript.jscomp,ConcreteType,248,0,30,0,58,0,39,0,24,0
AlgorithmName2,com.google.javascript.jscomp,GenerateExports,260,0,28,0,68,0,18,0,4,0
AlgorithmName2,com.google.javascript.jscomp,SideEffectsAnalysis.RawMotionEnvironment,9,0,0,0,4,0,2,0,2,0
AlgorithmName2,com.google.javascript.jscomp,PureFunctionIdentifier.SideEffectPropagationCallback,94,0,38,0,29,0,20,0,1,0
AlgorithmName2,com.google.javascript.jscomp,InlineCostEstimator,19,0,0,0,5,0,3,0,3,0
AlgorithmName2,com.google.javascript.jscomp,PassFactory,62,0,6,0,15,0,9,0,6,0
AlgorithmName2,com.google.javascript.jscomp,DisambiguateProperties.JSTypeSystem,417,0,88,0,106,0,58,0,14,0
AlgorithmName2,com.google.javascript.jscomp,JSModuleGraph.ModuleDependenceException,16,0,0,0,6,0,3,0,3,0
AlgorithmName2,com.google.javascript.jscomp,ReplaceMessages,427,0,44,0,108,0,34,0,10,0
AlgorithmName2,com.google.javascript.jscomp,AmbiguateProperties.PropertySubGraph,34,0,2,0,5,0,4,0,3,0
AlgorithmName2,com.google.javascript.jscomp,DefaultPassConfig.24.new HotSwapCompilerPass() {...},49,0,0,0,9,0,3,0,3,0
AlgorithmName2,com.google.javascript.jscomp,MakeDeclaredNamesUnique.InlineRenamer,97,0,10,0,21,0,11,0,6,0
AlgorithmName2,com.google.javascript.jscomp,Tracer.Event,146,0,10,0,29,0,8,0,3,0
AlgorithmName2,com.google.javascript.jscomp,InlineSimpleMethods.InlineTrivialAccessors,137,0,26,0,26,0,15,0,2,0
AlgorithmName2,com.google.javascript.jscomp,AliasExternals.GetAliasableNames,43,0,8,0,9,0,6,0,2,0
AlgorithmName2,com.google.javascript.jscomp,RhinoErrorReporter.NewRhinoErrorReporter,14,0,0,0,3,0,2,0,2,0
AlgorithmName2,com.google.javascript.jscomp,NodeTraversal,781,0,90,0,199,0,81,0,36,0
AlgorithmName2,com.google.javascript.jscomp,PureFunctionIdentifier.new Predicate() {...},18,0,6,0,8,0,7,0,2,0
AlgorithmName2,com.google.javascript.jscomp,AliasKeywords.ThrowAliasSpecification,46,0,0,0,13,0,4,0,4,0
AlgorithmName2,com.google.javascript.jscomp,RemoveTryCatch.RemoveTryCatchCode,106,0,25,0,32,0,15,0,2,0
AlgorithmName2,com.google.javascript.jscomp,VarCheck,402,0,56,0,92,0,37,0,9,0
AlgorithmName2,com.google.javascript.jscomp,ControlStructureCheck,78,0,11,0,24,0,12,0,6,0
AlgorithmName2,com.google.javascript.jscomp,ControlFlowGraph,91,0,20,0,20,0,19,0,7,0
AlgorithmName2,com.google.javascript.jscomp,ObjectPropertyStringPostprocess,16,0,0,0,5,0,2,0,2,0
AlgorithmName2,com.google.javascript.jscomp,ReferenceCollectingCallback.ReferenceCollection,290,0,62,0,76,0,43,0,12,0
AlgorithmName2,com.google.javascript.jscomp,NameAnonymousFunctionsMapped,73,0,2,0,17,0,5,0,4,0
AlgorithmName2,com.google.javascript.jscomp,InlineVariables.IdentifyConstants,9,0,0,0,2,0,2,0,2,0
AlgorithmName2,com.google.javascript.jscomp,VariableNameGenerator,31,0,2,0,8,0,3,0,2,0
AlgorithmName2,com.google.javascript.jscomp,GatherSideEffectSubexpressionsCallback.CopySideEffectSubexpressions,213,0,24,0,51,0,18,0,6,0
AlgorithmName2,com.google.javascript.jscomp,FunctionRewriter.ReductionGatherer,49,0,4,0,12,0,5,0,3,0
AlgorithmName2,com.google.javascript.jscomp,OperaCompoundAssignFix,202,0,28,0,60,0,20,0,6,0
AlgorithmName2,com.google.javascript.jscomp,CheckRequiresForConstructors,60,0,0,0,13,0,4,0,4,0
AlgorithmName2,com.google.javascript.jscomp,SpecializeModule.SpecializationState,149,0,28,0,47,0,26,0,12,0
AlgorithmName2,com.google.javascript.jscomp,SanityCheck,185,0,12,0,42,0,13,0,7,0
AlgorithmName2,com.google.javascript.jscomp,MustBeReachingVariableDef.MustDef,50,0,6,0,14,0,7,0,4,0
AlgorithmName2,com.google.javascript.jscomp,InstrumentFunctions.RemoveCallback,26,0,6,0,9,0,5,0,2,0
AlgorithmName2,com.google.javascript.jscomp,NameAnalyzer.FindDeclarationsAndSetters,249,0,36,0,54,0,23,0,5,0
AlgorithmName2,com.google.javascript.jscomp,TypeInferencePass.TypeInferringCallback,41,0,4,0,13,0,7,0,5,0
AlgorithmName2,com.google.javascript.jscomp,FlowSensitiveInlineVariables.Candidate.new Predicate() {...},13,0,2,0,4,0,3,0,2,0
AlgorithmName2,com.google.javascript.jscomp,CodingConvention.SubclassRelationship,14,0,0,0,5,0,1,0,1,0
AlgorithmName2,com.google.javascript.jscomp,UseSite,30,0,4,0,7,0,5,0,3,0
AlgorithmName2,com.google.javascript.jscomp,DefaultPassConfig.83.new CompilerPass() {...},28,0,0,0,3,0,2,0,2,0
AlgorithmName2,com.google.javascript.jscomp,SemanticReverseAbstractInterpreter,735,0,146,0,184,0,90,0,11,0
AlgorithmName2,com.google.javascript.jscomp,RenameProperties.ProcessProperties,356,0,68,0,79,0,43,0,7,0
AlgorithmName2,com.google.javascript.jscomp,DefinitionsRemover.ExternalNameOnlyDefinition,10,0,0,0,3,0,2,0,2,0
AlgorithmName2,com.google.javascript.jscomp,TypeInferencePass,165,0,10,0,39,0,12,0,7,0
AlgorithmName2,com.google.javascript.jscomp,FlowSensitiveInlineVariables.Candidate.new ControlFlowGraph.AbstractCfgNodeTraversalCallback() {...},45,0,11,0,10,0,8,0,2,0
AlgorithmName2,com.google.javascript.jscomp,FlowSensitiveInlineVariables.Candidate.new Predicate() {...},13,0,2,0,2,0,3,0,2,0
AlgorithmName2,com.google.javascript.jscomp,FlowSensitiveInlineVariables.Candidate.new ControlFlowGraph.AbstractCfgNodeTraversalCallback() {...},28,0,8,0,6,0,6,0,2,0
AlgorithmName2,com.google.javascript.jscomp,CoalesceVariableNames,495,0,88,0,127,0,52,0,8,0
AlgorithmName2,com.google.javascript.jscomp,RhinoErrorReporter,147,0,4,0,40,0,10,0,8,0
AlgorithmName2,com.google.javascript.jscomp,FunctionInformationMap.Module,218,0,18,0,66,0,38,0,29,0
AlgorithmName2,com.google.javascript.jscomp,SideEffectsAnalysis.new Predicate() {...},10,0,2,0,2,0,3,0,2,0
AlgorithmName2,com.google.javascript.jscomp,DefaultPassConfig.94.new CompilerPass() {...},54,0,0,0,13,0,2,0,2,0
AlgorithmName2,com.google.javascript.jscomp,ParallelCompilerPass.Result,85,0,10,0,19,0,9,0,4,0
AlgorithmName2,com.google.javascript.jscomp,PeepholeSubstituteAlternateSyntax.new Predicate() {...},11,0,2,0,2,0,3,0,2,0
AlgorithmName2,com.google.javascript.jscomp,PeepholeSubstituteAlternateSyntax.new Predicate() {...},19,0,4,0,3,0,4,0,2,0
AlgorithmName2,com.google.javascript.jscomp,SideEffectsAnalysis.new Predicate() {...},19,0,6,0,3,0,5,0,2,0
AlgorithmName2,com.google.javascript.jscomp,NameAnalyzer.TriState,34,0,0,0,4,0,1,0,1,0
AlgorithmName2,com.google.javascript.jscomp,PeepholeSubstituteAlternateSyntax.new Predicate() {...},19,0,2,0,2,0,3,0,2,0
AlgorithmName2,com.google.javascript.jscomp,SideEffectsAnalysis.new Predicate() {...},16,0,4,0,2,0,4,0,2,0
AlgorithmName2,com.google.javascript.jscomp,Instrumentation,400,0,30,0,110,0,54,0,39,0
AlgorithmName2,com.google.javascript.jscomp,BasicErrorManager.ErrorWithLevel,9,0,0,0,4,0,1,0,1,0
AlgorithmName2,com.google.javascript.jscomp,MaybeReachingVariableUse,286,0,42,0,70,0,33,0,9,0
AlgorithmName2,com.google.javascript.jscomp,ChainCalls.GatherFunctions,59,0,8,0,15,0,9,0,5,0
AlgorithmName2,com.google.javascript.jscomp,CombinedCompilerPass.CallbackWrapper,81,0,20,0,22,0,16,0,6,0
AlgorithmName2,com.google.javascript.jscomp,DataFlowAnalysis.new NodeTraversal.AbstractPostOrderCallback() {...},45,0,10,0,9,0,7,0,2,0
AlgorithmName2,com.google.javascript.jscomp,GlobalNamespace.NodeFilter,41,0,10,0,11,0,7,0,2,0
AlgorithmName2,com.google.javascript.jscomp,CollapseAnonymousFunctions.Callback,133,0,30,0,37,0,19,0,4,0
AlgorithmName2,com.google.javascript.jscomp,SourceMap.Format,44,0,0,0,5,0,1,0,1,0
AlgorithmName2,com.google.javascript.jscomp,NodeTraversal.AbstractNodeTypePruningCallback,27,0,2,0,7,0,4,0,3,0
AlgorithmName2,com.google.javascript.jscomp,VariableVisibilityAnalysis,117,0,20,0,28,0,14,0,4,0
AlgorithmName2,com.google.javascript.jscomp,FunctionRewriter,140,0,14,0,30,0,10,0,3,0
AlgorithmName2,com.google.javascript.jscomp,PureFunctionIdentifier.FunctionInformation,239,0,36,0,70,0,38,0,20,0
AlgorithmName2,com.google.javascript.jscomp,JsMessageVisitor.MessageLocation,9,0,0,0,4,0,1,0,1,0
AlgorithmName2,com.google.javascript.jscomp,GatherRawExports,69,0,14,0,22,0,12,0,5,0
AlgorithmName2,com.google.javascript.jscomp,SourceFile,312,0,30,0,80,0,38,0,23,0
AlgorithmName2,com.google.javascript.jscomp,JSModule,360,0,26,0,101,0,40,0,27,0
AlgorithmName2,com.google.javascript.jscomp,MakeDeclaredNamesUnique.ContextualRenamer,99,0,8,0,26,0,13,0,9,0
AlgorithmName2,com.google.javascript.jscomp,OptimizeReturns.new NodeUtil.Visitor() {...},51,0,8,0,12,0,6,0,2,0
AlgorithmName2,com.google.javascript.jscomp,ReplaceStrings.Config,12,0,0,0,4,0,1,0,1,0
AlgorithmName2,com.google.javascript.jscomp,FunctionInjector,913,0,181,0,247,0,113,0,19,0
AlgorithmName2,com.google.javascript.jscomp,Tracer.new Tracer.InternalClock() {...},5,0,0,0,2,0,2,0,2,0
AlgorithmName2,com.google.javascript.jscomp,NodeTraversal.AbstractShallowStatementCallback,15,0,6,0,3,0,5,0,2,0
AlgorithmName2,com.google.javascript.jscomp,CompilerOptions.NullAliasTransformationHandler.NullAliasTransformation,1,0,0,0,1,0,1,0,1,0
AlgorithmName2,com.google.javascript.jscomp,InlineFunctions.FunctionState,217,0,26,0,66,0,40,0,27,0
AlgorithmName2,com.google.javascript.jscomp,ReplaceIdGenerators.Callback,97,0,10,0,22,0,7,0,2,0
AlgorithmName2,com.google.javascript.jscomp,ReplaceCssNames,50,0,0,0,18,0,4,0,4,0
AlgorithmName2,com.google.javascript.jscomp,RenameVars.ProcessVars,217,0,46,0,58,0,28,0,5,0
AlgorithmName2,com.google.javascript.jscomp,StrictWarningsGuard,25,0,4,0,7,0,6,0,4,0
AlgorithmName2,com.google.javascript.jscomp,TightenTypes.NativeCallFunctionCall,79,0,8,0,19,0,6,0,2,0
AlgorithmName2,com.google.javascript.jscomp,NameGenerator,215,0,26,0,46,0,19,0,6,0
AlgorithmName2,com.google.javascript.jscomp,ProcessDefines.CollectDefines,434,0,66,0,93,0,42,0,9,0
AlgorithmName2,com.google.javascript.jscomp,InlineCostEstimator.CompiledSizeEstimator,61,0,2,0,19,0,8,0,7,0
AlgorithmName2,com.google.javascript.jscomp,DefaultPassConfig.17.new CompilerPass() {...},24,0,0,0,5,0,2,0,2,0
AlgorithmName2,com.google.javascript.jscomp,InlineVariables.Mode,34,0,0,0,4,0,1,0,1,0
AlgorithmName2,com.google.javascript.jscomp,LinkedFlowScope,477,0,86,0,111,0,62,0,19,0
AlgorithmName2,com.google.javascript.jscomp,DefaultPassConfig,2206,0,272,0,398,0,156,0,19,0
AlgorithmName2,com.google.javascript.jscomp,CheckMissingGetCssName,188,0,42,0,42,0,29,0,8,0
AlgorithmName2,com.google.javascript.jscomp,SideEffectsAnalysis.LocationSummary,15,0,0,0,6,0,3,0,3,0
AlgorithmName2,com.google.javascript.jscomp,NameAnonymousFunctions,49,0,0,0,11,0,3,0,3,0
AlgorithmName2,com.google.javascript.jscomp,PeepholeCollectPropertyAssignments,429,0,99,0,126,0,60,0,10,0
AlgorithmName2,com.google.javascript.jscomp,AnalyzeNameReferences.NameInfo,59,0,8,0,18,0,8,0,4,0
AlgorithmName2,com.google.javascript.jscomp,ExtractPrototypeMemberDeclarations.ExtractionInstance,64,0,10,0,17,0,7,0,2,0
AlgorithmName2,com.google.javascript.jscomp,SemanticReverseAbstractInterpreter.RestrictByFalseInstanceOfResultVisitor,58,0,10,0,18,0,9,0,4,0
AlgorithmName2,com.google.javascript.jscomp,TightenTypes.CreateScope,920,0,148,0,212,0,91,0,12,0
AlgorithmName2,com.google.javascript.jscomp,WarningsGuard.Priority,92,0,0,0,12,0,3,0,3,0
AlgorithmName2,com.google.javascript.jscomp,ExternExportsPass.SymbolExport,23,0,2,0,7,0,3,0,2,0
AlgorithmName2,com.google.javascript.jscomp,DefaultPassConfig.7.new CompilerPass() {...},35,0,2,0,6,0,3,0,2,0
AlgorithmName2,com.google.javascript.jscomp,PerformanceTracker,181,0,12,0,46,0,15,0,9,0
AlgorithmName2,com.google.javascript.jscomp,GlobalNamespace,152,0,18,0,36,0,19,0,10,0
AlgorithmName2,com.google.javascript.jscomp,CreateSyntheticBlocks.Marker,12,0,0,0,4,0,1,0,1,0
AlgorithmName2,com.google.javascript.jscomp,DeadAssignmentsElimination.VariableLiveness,34,0,0,0,4,0,1,0,1,0
AlgorithmName2,com.google.javascript.jscomp,FunctionNames.FunctionListExtractor,41,0,2,0,11,0,3,0,2,0
AlgorithmName2,com.google.javascript.jscomp,ReferenceCollectingCallback,224,0,27,0,51,0,27,0,13,0
AlgorithmName2,com.google.javascript.jscomp,ChainableReverseAbstractInterpreter.new Visitor() {...},98,0,4,0,17,0,16,0,14,0
AlgorithmName2,com.google.javascript.jscomp,ChainableReverseAbstractInterpreter.new Visitor() {...},98,0,4,0,17,0,16,0,14,0
AlgorithmName2,com.google.javascript.jscomp,DefinitionsRemover.FunctionArgumentDefinition,16,0,0,0,5,0,2,0,2,0
AlgorithmName2,com.google.javascript.jscomp,MethodCompilerPass.GatherSignatures,117,0,22,0,25,0,15,0,3,0
AlgorithmName2,com.google.javascript.jscomp,ClosureOptimizePrimitives,119,0,16,0,39,0,12,0,4,0
AlgorithmName2,com.google.javascript.jscomp,AliasStrings,465,0,65,0,113,0,44,0,11,0
AlgorithmName2,com.google.javascript.jscomp,NameAnalyzer.FindReferences.NodeAccumulator,54,0,4,0,18,0,7,0,5,0
AlgorithmName2,com.google.javascript.jscomp,ShadowVariables,51,0,2,0,14,0,3,0,2,0
AlgorithmName2,com.google.javascript.jscomp,DefaultPassConfig.30.new CompilerPass() {...},29,0,0,0,5,0,2,0,2,0
AlgorithmName2,com.google.javascript.jscomp,MustBeReachingVariableDef.new ControlFlowGraph.AbstractCfgNodeTraversalCallback() {...},32,0,4,0,4,0,4,0,2,0
AlgorithmName2,com.google.javascript.jscomp,ScopedAliases.Traversal,457,0,80,0,102,0,53,0,13,0
AlgorithmName2,com.google.javascript.jscomp,GatherSideEffectSubexpressionsCallback,274,0,48,0,68,0,33,0,9,0
AlgorithmName2,com.google.javascript.jscomp,NodeNameExtractor,163,0,19,0,34,0,15,0,2,0
AlgorithmName2,com.google.javascript.jscomp,AnalyzePrototypeProperties.NameContext,9,0,0,0,3,0,1,0,1,0
AlgorithmName2,com.google.javascript.jscomp,FunctionRewriter.SetterReducer,101,0,20,0,30,0,13,0,3,0
AlgorithmName2,com.google.javascript.jscomp,PropertyRenamingPolicy,54,0,0,0,6,0,1,0,1,0
AlgorithmName2,com.google.javascript.jscomp,ProcessDefines.DefineInfo,34,0,0,0,13,0,5,0,5,0
AlgorithmName2,com.google.javascript.jscomp,UnreachableCodeElimination,258,0,55,0,74,0,38,0,9,0
AlgorithmName2,com.google.javascript.jscomp,AmbiguateProperties.PropertyGraph,67,0,4,0,14,0,8,0,6,0
AlgorithmName2,com.google.javascript.jscomp,FlowSensitiveInlineVariables.new Predicate() {...},43,0,16,0,11,0,10,0,2,0
AlgorithmName2,com.google.javascript.jscomp,ExternExportsPass,239,0,26,0,68,0,21,0,8,0
AlgorithmName2,com.google.javascript.jscomp,Result,62,0,2,0,17,0,3,0,2,0
AlgorithmName2,com.google.javascript.jscomp,CheckAccessControls,1014,0,222,0,267,0,135,0,23,0
AlgorithmName2,com.google.javascript.jscomp,LightweightMessageFormatter,164,0,20,0,40,0,18,0,8,0
AlgorithmName2,com.google.javascript.jscomp,RenameLabels.LabelInfo,9,0,0,0,4,0,1,0,1,0
AlgorithmName2,com.google.javascript.jscomp,FunctionRewriter.Reduction,35,0,0,0,10,0,3,0,3,0
AlgorithmName2,com.google.javascript.jscomp,AnonymousFunctionNamingPolicy,58,0,0,0,8,0,3,0,3,0
AlgorithmName2,com.google.javascript.jscomp,AbstractCompiler.LifeCycleStage,58,0,8,0,7,0,8,0,4,0
AlgorithmName2,com.google.javascript.jscomp,MaybeReachingVariableUse.ReachingUses,32,0,4,0,9,0,6,0,4,0
AlgorithmName2,com.google.javascript.jscomp,FlowSensitiveInlineVariables.GatherCandiates,38,0,2,0,10,0,3,0,2,0
AlgorithmName2,com.google.javascript.jscomp,PeepholeSubstituteAlternateSyntax,2195,0,434,0,600,0,273,0,41,0
AlgorithmName2,com.google.javascript.jscomp,CheckGlobalThis,211,0,72,0,57,0,42,0,6,0
AlgorithmName2,com.google.javascript.jscomp,AnalyzePrototypeProperties.ProcessProperties,565,0,105,0,115,0,64,0,11,0
AlgorithmName2,com.google.javascript.jscomp,ExploitAssigns,273,0,68,0,80,0,43,0,7,0
AlgorithmName2,com.google.javascript.jscomp,JSSourceFile,69,0,0,0,14,0,11,0,11,0
AlgorithmName2,com.google.javascript.jscomp,AnalyzePrototypeProperties.LiteralProperty,34,0,0,0,12,0,5,0,5,0
AlgorithmName2,com.google.javascript.jscomp,SourceFile.Preloaded,16,0,0,0,6,0,2,0,2,0
AlgorithmName2,com.google.javascript.jscomp,FunctionRewriter.ReturnConstantReducer,37,0,8,0,13,0,7,0,3,0
AlgorithmName2,com.google.javascript.jscomp,RenameVars.Assignment,30,0,2,0,9,0,3,0,2,0
AlgorithmName2,com.google.javascript.jscomp,ClosureReverseAbstractInterpreter.TypeRestriction,9,0,0,0,4,0,1,0,1,0
AlgorithmName2,com.google.javascript.jscomp,IgnoreCajaProperties,19,0,0,0,6,0,2,0,2,0
AlgorithmName2,com.google.javascript.jscomp,StrictModeCheck.NonExternChecks,85,0,18,0,18,0,13,0,4,0
AlgorithmName2,com.google.javascript.jscomp,MethodCompilerPass.GetExternMethods,110,0,17,0,24,0,11,0,2,0
AlgorithmName2,com.google.javascript.jscomp,TypedScopeCreator.AbstractScopeBuilder,2205,0,490,0,529,0,279,0,28,0
AlgorithmName2,com.google.javascript.jscomp,Compiler.new Callable() {...},179,0,30,0,32,0,17,0,2,0
AlgorithmName2,com.google.javascript.jscomp,DisambiguateProperties.FindExternProperties,62,0,6,0,12,0,5,0,2,0
AlgorithmName2,com.google.javascript.jscomp,Compiler.new Callable() {...},76,0,6,0,16,0,5,0,2,0
AlgorithmName2,com.google.javascript.jscomp,CheckPropertyOrder,252,0,34,0,55,0,26,0,9,0
AlgorithmName2,com.google.javascript.jscomp,CssRenamingMap.ByPart,5,0,0,0,2,0,2,0,2,0
AlgorithmName2,com.google.javascript.jscomp,WarningsGuard,10,0,0,0,4,0,4,0,4,0
AlgorithmName2,com.google.javascript.jscomp,SuspiciousPropertiesCheck.ProcessExternedProperties,65,0,14,0,16,0,10,0,2,0
AlgorithmName2,com.google.javascript.jscomp,MustBeReachingVariableDef.Definition,26,0,4,0,8,0,4,0,2,0
AlgorithmName2,com.google.javascript.jscomp,SemanticReverseAbstractInterpreter.new Function() {...},17,0,4,0,4,0,4,0,2,0
AlgorithmName2,com.google.javascript.jscomp,SemanticReverseAbstractInterpreter.new Function() {...},17,0,4,0,4,0,4,0,2,0
AlgorithmName2,com.google.javascript.jscomp,SemanticReverseAbstractInterpreter.new Function() {...},20,0,0,0,4,0,2,0,2,0
AlgorithmName2,com.google.javascript.jscomp,Normalize.VerifyConstants,174,0,28,0,38,0,17,0,3,0
AlgorithmName2,com.google.javascript.jscomp,Compiler.new Callable() {...},13,0,0,0,3,0,2,0,2,0
AlgorithmName2,com.google.javascript.jscomp,Compiler.new PassFactory() {...},13,0,0,0,2,0,2,0,2,0
AlgorithmName2,com.google.javascript.jscomp,SemanticReverseAbstractInterpreter.new Function() {...},17,0,4,0,4,0,4,0,2,0
AlgorithmName2,com.google.javascript.jscomp,Compiler.new Runnable() {...},37,0,4,0,9,0,4,0,2,0
AlgorithmName2,com.google.javascript.jscomp,SemanticReverseAbstractInterpreter.new Function() {...},17,0,4,0,4,0,4,0,2,0
AlgorithmName2,com.google.javascript.jscomp,Compiler.new Callable() {...},49,0,4,0,11,0,4,0,2,0
AlgorithmName2,com.google.javascript.jscomp,NameReferenceGraph,202,0,16,0,46,0,15,0,7,0
AlgorithmName2,com.google.javascript.jscomp,Compiler.new Supplier() {...},14,0,0,0,2,0,2,0,2,0
AlgorithmName2,com.google.javascript.jscomp,Compiler.new Callable() {...},64,0,6,0,13,0,5,0,2,0
AlgorithmName2,com.google.javascript.jscomp,Compiler.new Callable() {...},62,0,2,0,12,0,3,0,2,0
AlgorithmName2,com.google.javascript.jscomp,CrossModuleCodeMotion,528,0,117,0,137,0,70,0,10,0
AlgorithmName2,com.google.javascript.jscomp,DefinitionsRemover.FunctionExpressionDefinition,18,0,0,0,7,0,2,0,2,0
AlgorithmName2,com.google.javascript.jscomp,MoveFunctionDeclarations,108,0,16,0,28,0,12,0,4,0
AlgorithmName2,com.google.javascript.jscomp,DeadAssignmentsElimination,571,0,124,0,165,0,76,0,12,0
AlgorithmName2,com.google.javascript.jscomp,SideEffectsAnalysis.LocationAbstraction,37,0,2,0,8,0,2,0,1,0
AlgorithmName2,com.google.javascript.jscomp,BasicErrorManager.LeveledJSErrorComparator,121,0,40,0,34,0,22,0,2,0
AlgorithmName2,com.google.javascript.jscomp,CompilationLevel,252,0,4,0,81,0,9,0,6,0
AlgorithmName2,com.google.javascript.jscomp,GlobalNamespace.Ref.Type,64,0,0,0,7,0,1,0,1,0
AlgorithmName2,com.google.javascript.jscomp,JsAst,123,0,6,0,33,0,11,0,8,0
AlgorithmName2,com.google.javascript.jscomp,Instrumentation.Builder,598,0,68,0,153,0,80,0,43,0
AlgorithmName2,com.google.javascript.jscomp,NameAnalyzer.ReferencePropagationCallback,13,0,4,0,4,0,3,0,1,0
AlgorithmName2,com.google.javascript.jscomp,CssRenamingMap.Style,24,0,0,0,3,0,1,0,1,0
AlgorithmName2,com.google.javascript.jscomp,CompilerOptions.TweakProcessing,48,0,4,0,6,0,5,0,3,0
AlgorithmName2,com.google.javascript.jscomp,ExpressionDecomposer.DecompositionType,34,0,0,0,4,0,1,0,1,0
AlgorithmName2,com.google.javascript.jscomp,ReplaceIdGenerators.Replacement,30,0,0,0,6,0,2,0,2,0
AlgorithmName2,com.google.javascript.jscomp,NameAnalyzer.NameInformation,21,0,0,0,7,0,1,0,1,0
AlgorithmName2,com.google.javascript.jscomp,AmbiguateProperties.ProcessProperties,103,0,12,0,26,0,11,0,4,0
AlgorithmName2,com.google.javascript.jscomp,SimpleDefinitionFinder.DefinitionGatheringCallback,234,0,52,0,57,0,29,0,3,0
AlgorithmName2,com.google.javascript.jscomp,FindExportableNodes,121,0,26,0,30,0,18,0,4,0
AlgorithmName2,com.google.javascript.jscomp,JsMessage.Hash,789,0,30,0,67,0,32,0,6,0
AlgorithmName2,com.google.javascript.jscomp,ConcreteType.ConcreteUnionType,196,0,32,0,45,0,26,0,10,0
AlgorithmName2,com.google.javascript.jscomp,SpecializeModule.new SpecializeModule.NodeMatcher() {...},32,0,4,0,6,0,5,0,3,0
AlgorithmName2,com.google.javascript.jscomp,CreateSyntheticBlocks.Callback,160,0,16,0,31,0,10,0,2,0
AlgorithmName2,com.google.javascript.jscomp,GoogleCodingConvention,91,0,20,0,20,0,19,0,9,0
AlgorithmName2,com.google.javascript.jscomp,MakeDeclaredNamesUnique.ContextualRenameInverter,259,0,38,0,69,0,32,0,13,0
AlgorithmName2,com.google.javascript.jscomp,AliasStrings.StringInfo,166,0,30,0,37,0,18,0,3,0
AlgorithmName2,com.google.javascript.jscomp,JSModuleGraph,609,0,72,0,136,0,52,0,16,0
AlgorithmName2,com.google.javascript.jscomp,ControlFlowAnalysis,1551,0,276,0,386,0,193,0,39,0
AlgorithmName2,com.google.javascript.jscomp,AnalyzePrototypeProperties,231,0,14,0,51,0,12,0,5,0
AlgorithmName2,com.google.javascript.jscomp,AmbiguateProperties.new Comparator() {...},20,0,2,0,4,0,3,0,2,0
AlgorithmName2,com.google.javascript.jscomp,CrossModuleCodeMotion.Declaration,12,0,0,0,4,0,1,0,1,0
AlgorithmName2,com.google.javascript.jscomp,VariableShadowDeclarationCheck,36,0,0,0,9,0,3,0,3,0
AlgorithmName2,com.google.javascript.jscomp,CommandLineRunner.FormattingOption,50,0,3,0,10,0,4,0,2,0
AlgorithmName2,com.google.javascript.jscomp,ReferenceCollectingCallback.new ReferenceCollectingCallback.Behavior() {...},4,0,0,0,2,0,2,0,2,0
AlgorithmName2,com.google.javascript.jscomp,DefaultPassConfig.new PassFactory() {...},13,0,0,0,2,0,2,0,2,0
AlgorithmName2,com.google.javascript.jscomp,DefaultPassConfig.new DefaultPassConfig.HotSwapPassFactory() {...},15,0,0,0,2,0,2,0,2,0
AlgorithmName2,com.google.javascript.jscomp,RenamePrototypes.new Comparator() {...},22,0,2,0,6,0,3,0,2,0
AlgorithmName2,com.google.javascript.jscomp,DefaultPassConfig.new DefaultPassConfig.HotSwapPassFactory() {...},14,0,0,0,2,0,2,0,2,0
AlgorithmName2,com.google.javascript.jscomp,ClosureReverseAbstractInterpreter,181,0,18,0,37,0,12,0,3,0
AlgorithmName2,com.google.javascript.jscomp,Normalize.ScopeTicklingCallback,14,0,0,0,6,0,5,0,5,0
AlgorithmName2,com.google.javascript.jscomp,DefaultPassConfig.new DefaultPassConfig.HotSwapPassFactory() {...},14,0,0,0,2,0,2,0,2,0
AlgorithmName2,com.google.javascript.jscomp,DefaultPassConfig.new DefaultPassConfig.HotSwapPassFactory() {...},14,0,0,0,2,0,2,0,2,0
AlgorithmName2,com.google.javascript.jscomp,DefaultPassConfig.new DefaultPassConfig.HotSwapPassFactory() {...},53,0,6,0,7,0,5,0,2,0
AlgorithmName2,com.google.javascript.jscomp,DefaultPassConfig.new DefaultPassConfig.HotSwapPassFactory() {...},13,0,0,0,2,0,2,0,2,0
AlgorithmName2,com.google.javascript.jscomp,DefaultPassConfig.new PassFactory() {...},14,0,0,0,2,0,2,0,2,0
AlgorithmName2,com.google.javascript.jscomp,CommandLineRunner.Flags.WarningGuardOffOptionHandler,11,0,0,0,2,0,1,0,1,0
AlgorithmName2,com.google.javascript.jscomp,DefinitionsRemover.AssignmentDefinition,36,0,0,0,11,0,4,0,4,0
AlgorithmName2,com.google.javascript.jscomp,DefaultPassConfig.new PassFactory() {...},25,0,2,0,4,0,3,0,2,0
AlgorithmName2,com.google.javascript.jscomp,DefaultPassConfig.new PassFactory() {...},29,0,4,0,2,0,4,0,2,0
AlgorithmName2,com.google.javascript.jscomp,ComposeWarningsGuard.GuardComparator,30,0,2,0,8,0,3,0,2,0
AlgorithmName2,com.google.javascript.jscomp,ScopedAliases.AliasedTypeNode,18,0,0,0,6,0,2,0,2,0
AlgorithmName2,com.google.javascript.jscomp,ExtractPrototypeMemberDeclarations.GatherExtractionInfo,72,0,12,0,17,0,9,0,3,0
AlgorithmName2,com.google.javascript.jscomp,InlineFunctions.NamedFunction,25,0,0,0,8,0,5,0,5,0
AlgorithmName2,com.google.javascript.jscomp,CallGraph.new Predicate() {...},30,0,6,0,5,0,5,0,2,0
AlgorithmName2,com.google.javascript.jscomp,TypedScopeCreator.StubDeclaration,12,0,0,0,5,0,1,0,1,0
AlgorithmName2,com.google.javascript.jscomp,CallGraph.new NodeTraversal.AbstractPostOrderCallback() {...},69,0,10,0,16,0,7,0,2,0
AlgorithmName2,com.google.javascript.jscomp,RenameLabels.LabelNamespace,8,0,0,0,2,0,1,0,1,0
AlgorithmName2,com.google.javascript.jscomp,RenameVars,603,0,72,0,135,0,48,0,12,0
AlgorithmName2,com.google.javascript.jscomp,InlineVariables.IdentifyLocals,10,0,0,0,2,0,2,0,2,0
AlgorithmName2,com.google.javascript.jscomp,CheckMissingReturn.new Predicate() {...},45,0,12,0,12,0,8,0,2,0
AlgorithmName2,com.google.javascript.jscomp,DefaultPassConfig.new DefaultPassConfig.HotSwapPassFactory() {...},17,0,0,0,3,0,2,0,2,0
AlgorithmName2,com.google.javascript.jscomp,CheckMissingReturn.new Predicate() {...},13,0,4,0,2,0,4,0,2,0
AlgorithmName2,com.google.javascript.jscomp,DefaultPassConfig.new PassFactory() {...},33,0,4,0,4,0,4,0,2,0
AlgorithmName2,com.google.javascript.jscomp,FunctionInformationMap,288,0,22,0,78,0,42,0,31,0
AlgorithmName2,com.google.javascript.jscomp,DefaultPassConfig.new PassFactory() {...},14,0,0,0,2,0,2,0,2,0
AlgorithmName2,com.google.javascript.jscomp,CodingConvention.AssertionFunctionSpec,22,0,0,0,9,0,5,0,5,0
AlgorithmName2,com.google.javascript.jscomp,DefaultPassConfig.new PassFactory() {...},21,0,0,0,2,0,2,0,2,0
AlgorithmName2,com.google.javascript.jscomp,DefaultPassConfig.new PassFactory() {...},40,0,0,0,2,0,2,0,2,0
AlgorithmName2,com.google.javascript.jscomp,DefaultPassConfig.new PassFactory() {...},40,0,0,0,2,0,2,0,2,0
AlgorithmName2,com.google.javascript.jscomp,DefaultPassConfig.new DefaultPassConfig.HotSwapPassFactory() {...},13,0,0,0,2,0,2,0,2,0
AlgorithmName2,com.google.javascript.jscomp,AmbiguateProperties.ProcessExterns,38,0,5,0,10,0,5,0,2,0
AlgorithmName2,com.google.javascript.jscomp,DefaultPassConfig.new PassFactory() {...},20,0,0,0,3,0,2,0,2,0
AlgorithmName2,com.google.javascript.jscomp,DefaultPassConfig.new PassFactory() {...},17,0,0,0,2,0,2,0,2,0
AlgorithmName2,com.google.javascript.jscomp,DefaultPassConfig.new DefaultPassConfig.HotSwapPassFactory() {...},17,0,0,0,2,0,2,0,2,0
AlgorithmName2,com.google.javascript.jscomp,AbstractMessageFormatter,60,0,5,0,16,0,10,0,7,0
AlgorithmName2,com.google.javascript.jscomp,JsMessage.Builder,226,0,20,0,57,0,28,0,18,0
AlgorithmName2,com.google.javascript.jscomp,ShadowVariables.DoShadowVariables,259,0,36,0,58,0,24,0,6,0
AlgorithmName2,com.google.javascript.jscomp,ReferenceCollectingCallback.Reference,220,0,40,0,42,0,39,0,19,0
AlgorithmName2,com.google.javascript.jscomp,NameReferenceGraphReport.DiGraphNodeComparator,50,0,8,0,12,0,6,0,2,0
AlgorithmName2,com.google.javascript.jscomp,DeadAssignmentsElimination.new Predicate() {...},23,0,8,0,4,0,6,0,2,0
AlgorithmName2,com.google.javascript.jscomp,ProcessTweaks.CollectTweaks,208,0,24,0,49,0,15,0,2,0
AlgorithmName2,com.google.javascript.jscomp,Scope.Var,197,0,28,0,51,0,36,0,22,0
AlgorithmName2,com.google.javascript.jscomp,CodePrinter.PrettyCodePrinter,213,0,30,0,66,0,34,0,17,0
AlgorithmName2,com.google.javascript.jscomp,ConcreteType.ConcreteNoneType,8,0,0,0,4,0,4,0,4,0
AlgorithmName2,com.google.javascript.jscomp,CodeChangeHandler.RecentChange,17,0,0,0,7,0,4,0,4,0
AlgorithmName2,com.google.javascript.jscomp,StrictModeCheck,352,0,59,0,81,0,41,0,11,0
AlgorithmName2,com.google.javascript.jscomp,ProcessClosurePrimitives.new CssRenamingMap() {...},28,0,2,0,5,0,4,0,3,0
AlgorithmName2,com.google.javascript.jscomp,TypeInference,2169,0,375,0,576,0,242,0,42,0
AlgorithmName2,com.google.javascript.jscomp,CommandLineRunner.Flags.WarningGuardSetter,29,0,0,0,9,0,4,0,4,0
AlgorithmName2,com.google.javascript.jscomp,GlobalNamespace.Name.Type,54,0,0,0,6,0,1,0,1,0
AlgorithmName2,com.google.javascript.jscomp,CodingConvention.DelegateRelationship,9,0,0,0,4,0,1,0,1,0
AlgorithmName2,com.google.javascript.jscomp,StripCode.Strip,643,0,135,0,168,0,90,0,19,0
AlgorithmName2,com.google.javascript.jscomp,ChainableReverseAbstractInterpreter.RestrictByTrueTypeOfResultVisitor,23,0,0,0,9,0,9,0,9,0
AlgorithmName2,com.google.javascript.jscomp,TightenTypes.Assignment,15,0,0,0,6,0,1,0,1,0
AlgorithmName2,com.google.javascript.jscomp,RuntimeTypeCheck.AddChecks,277,0,44,0,80,0,28,0,6,0
AlgorithmName2,com.google.javascript.jscomp,AliasExternals,739,0,58,0,163,0,48,0,19,0
AlgorithmName2,com.google.javascript.jscomp,RenamePrototypes.Property,132,0,28,0,29,0,19,0,5,0
AlgorithmName2,com.google.javascript.jscomp,CheckPropertyOrder.OrdersJoinOp,11,0,0,0,2,0,1,0,1,0
AlgorithmName2,com.google.javascript.jscomp,ControlFlowAnalysis.AstControlFlowGraph,33,0,2,0,9,0,4,0,3,0
AlgorithmName2,com.google.javascript.jscomp,ExternExportsPass.PropertyExport,90,0,6,0,13,0,5,0,2,0
AlgorithmName2,com.google.javascript.jscomp,NodeIterators.LocalVarMotion,240,0,52,0,53,0,33,0,7,0
AlgorithmName2,com.google.javascript.jscomp,Compiler,2656,0,260,0,660,0,262,0,131,0
AlgorithmName2,com.google.javascript.jscomp,FunctionNames.FunctionRecord,12,0,0,0,5,0,1,0,1,0
AlgorithmName2,com.google.javascript.jscomp,InlineFunctions.Reference,15,0,0,0,5,0,1,0,1,0
AlgorithmName2,com.google.javascript.jscomp,RenameLabels,29,0,0,0,9,0,3,0,3,0
AlgorithmName2,com.google.javascript.jscomp,FunctionInformationMap.Builder,463,0,52,0,114,0,58,0,31,0
AlgorithmName2,com.google.javascript.jscomp,AbstractMessageFormatter.Color,48,0,0,0,8,0,3,0,3,0
AlgorithmName2,com.google.javascript.jscomp,CommandLineRunner.Flags,129,0,0,0,53,0,2,0,2,0
AlgorithmName2,com.google.javascript.jscomp,FunctionRewriter.SingleReturnStatementReducer,23,0,4,0,8,0,4,0,2,0
AlgorithmName2,com.google.javascript.jscomp,DisambiguateProperties.FindRenameableProperties,238,0,32,0,47,0,21,0,5,0
AlgorithmName2,com.google.javascript.jscomp,TypeCheck,3328,0,509,0,782,0,319,0,42,0
AlgorithmName2,com.google.javascript.jscomp,UnfoldCompoundAssignments,182,0,33,0,43,0,26,0,8,0
AlgorithmName2,com.google.javascript.jscomp,ClosureCodeRemoval,104,0,12,0,28,0,8,0,2,0
AlgorithmName2,com.google.javascript.jscomp,CollapseVariableDeclarations,147,0,16,0,40,0,11,0,3,0
AlgorithmName2,com.google.javascript.jscomp,SuspiciousPropertiesCheck.Property,15,0,0,0,6,0,1,0,1,0
AlgorithmName2,com.google.javascript.jscomp,InlineFunctions.FunctionVar,27,0,0,0,8,0,5,0,5,0
AlgorithmName2,com.google.javascript.jscomp,Normalize.NormalizeStatements,516,0,91,0,141,0,60,0,13,0
AlgorithmName2,com.google.javascript.jscomp,LightweightMessageFormatter.LineNumberingFormatter,119,0,12,0,34,0,9,0,3,0
AlgorithmName2,com.google.javascript.jscomp,DefinitionsRemover.ObjectLiteralPropertyDefinition,43,0,2,0,12,0,5,0,4,0
AlgorithmName2,com.google.javascript.jscomp,CheckProvides,38,0,0,0,11,0,4,0,4,0
AlgorithmName2,com.google.javascript.jscomp,DefaultPassConfig.89.new CompilerPass() {...},59,0,0,0,10,0,2,0,2,0
AlgorithmName2,com.google.javascript.jscomp,AstValidator.new AstValidator.ViolationHandler() {...},21,0,0,0,3,0,2,0,2,0
AlgorithmName2,com.google.javascript.jscomp,JSModuleGraph.DepthComparator,12,0,0,0,2,0,2,0,2,0
AlgorithmName2,com.google.javascript.jscomp,FunctionToBlockMutator.LabelNameSupplier,18,0,0,0,4,0,2,0,2,0
AlgorithmName2,com.google.javascript.jscomp,PerformanceTracker.CodeSizeEstimatePrinter,95,0,6,0,30,0,8,0,5,0
AlgorithmName2,com.google.javascript.jscomp,NameAnalyzer.InstanceOfCheckNode,35,0,2,0,7,0,3,0,2,0
AlgorithmName2,com.google.javascript.jscomp,MakeDeclaredNamesUnique,258,0,47,0,71,0,34,0,9,0
AlgorithmName2,com.google.javascript.jscomp,RenameProperties.new Comparator() {...},31,0,4,0,6,0,4,0,2,0
AlgorithmName2,com.google.javascript.jscomp,VariableReferenceCheck.ReferenceCheckingBehavior,225,0,40,0,57,0,23,0,3,0
AlgorithmName2,com.google.javascript.jscomp,TightenTypes.PropertyAssignAction,68,0,2,0,15,0,3,0,2,0
AlgorithmName2,com.google.javascript.jscomp,LiveVariablesAnalysis.LiveVariableLattice,60,0,4,0,15,0,9,0,7,0
AlgorithmName2,com.google.javascript.jscomp,FunctionNames,109,0,8,0,28,0,9,0,5,0
AlgorithmName2,com.google.javascript.jscomp,ErrorFormat.new ErrorFormat() {...},16,0,0,0,4,0,2,0,2,0
AlgorithmName2,com.google.javascript.jscomp,ErrorFormat.new ErrorFormat() {...},17,0,0,0,4,0,2,0,2,0
AlgorithmName2,com.google.javascript.jscomp,ErrorFormat.new ErrorFormat() {...},13,0,0,0,4,0,2,0,2,0
AlgorithmName2,com.google.javascript.jscomp,NameAnalyzer.SpecialReferenceNode,21,0,0,0,7,0,2,0,2,0
AlgorithmName2,com.google.javascript.jscomp,DefaultPassConfig.54.new CompilerPass() {...},58,0,4,0,12,0,4,0,2,0
AlgorithmName2,com.google.javascript.jscomp,RhinoErrorReporter.OldRhinoErrorReporter,14,0,0,0,3,0,2,0,2,0
AlgorithmName2,com.google.javascript.jscomp,CommandLineRunner,684,0,36,0,139,0,30,0,12,0
AlgorithmName2,com.google.javascript.jscomp,ErrorFormat.new ErrorFormat() {...},16,0,0,0,4,0,2,0,2,0
AlgorithmName2,com.google.javascript.jscomp,TypeInference.BooleanOutcomePair,63,0,12,0,15,0,9,0,3,0
AlgorithmName2,com.google.javascript.jscomp,SimpleDefinitionFinder.UseSiteGatheringCallback,41,0,2,0,10,0,3,0,2,0
AlgorithmName2,com.google.javascript.jscomp,ShowByPathWarningsGuard.ShowType,24,0,0,0,3,0,1,0,1,0
AlgorithmName2,com.google.javascript.jscomp,InvocationsCallback,33,0,6,0,11,0,5,0,2,0
AlgorithmName2,com.google.javascript.jscomp,DefinitionsRemover.NamedFunctionDefinition,10,0,0,0,4,0,2,0,2,0
AlgorithmName2,com.google.javascript.jscomp,JoinOp.BinaryJoinOp,66,0,8,0,15,0,7,0,3,0
AlgorithmName2,com.google.javascript.jscomp,LinkedFlowScope.LinkedFlowSlot,9,0,0,0,3,0,1,0,1,0
AlgorithmName2,com.google.javascript.jscomp,RuntimeTypeCheck.AddMarkers,189,0,24,0,48,0,19,0,7,0
AlgorithmName2,com.google.javascript.jscomp,MarkNoSideEffectCalls,78,0,8,0,20,0,9,0,5,0
AlgorithmName2,com.google.javascript.jscomp,GlobalNamespace.Ref,147,0,20,0,31,0,20,0,10,0
AlgorithmName2,com.google.javascript.jscomp,PhaseOptimizer.Loop,3,0,0,0,1,0,1,0,1,0
AlgorithmName2,com.google.javascript.jscomp,SideEffectsAnalysis.DegenerateLocationAbstraction.DegenerateEffectLocation,24,0,8,0,5,0,7,0,3,0
AlgorithmName2,com.google.javascript.jscomp,NodeUtil.MatchDeclaration,14,0,4,0,2,0,4,0,2,0
AlgorithmName2,com.google.javascript.jscomp,PhaseOptimizer.NamedPass,28,0,0,0,8,0,2,0,2,0
AlgorithmName2,com.google.javascript.jscomp,CheckPropertyOrder.PropertyOrdersFlowAnalysis,180,0,20,0,36,0,18,0,5,0
AlgorithmName2,com.google.javascript.jscomp,FlowSensitiveInlineVariables,166,0,18,0,37,0,17,0,8,0
AlgorithmName2,com.google.javascript.jscomp,DefinitionsRemover.UnknownDefinition,10,0,0,0,3,0,2,0,2,0
AlgorithmName2,com.google.javascript.jscomp,ReplaceStrings,676,0,97,0,163,0,69,0,19,0
AlgorithmName2,com.google.javascript.jscomp,RenameLabels.ProcessLabels,248,0,27,0,58,0,23,0,9,0
AlgorithmName2,com.google.javascript.jscomp,ProcessTweaks.TweakFunctionCall,27,0,0,0,9,0,3,0,3,0
AlgorithmName2,com.google.javascript.jscomp,SideEffectsAnalysis.VisibilityLocationAbstraction.new NodeTraversal.AbstractShallowCallback() {...},24,0,6,0,5,0,5,0,2,0
AlgorithmName2,com.google.javascript.jscomp,AstParallelizer.DettachPoint,49,0,4,0,12,0,4,0,2,0
AlgorithmName2,com.google.javascript.jscomp,GroupVariableDeclarations,171,0,24,0,60,0,19,0,7,0
AlgorithmName2,com.google.javascript.jscomp,PhaseOptimizer.PassFactoryDelegate,24,0,0,0,7,0,2,0,2,0
AlgorithmName2,com.google.javascript.jscomp,RecordFunctionInformation,141,0,12,0,41,0,11,0,5,0
AlgorithmName2,com.google.javascript.jscomp,NameReferenceGraphConstruction.Traversal,892,0,165,0,221,0,105,0,21,0
AlgorithmName2,com.google.javascript.jscomp,CompilerOptions,798,0,10,0,262,0,64,0,59,0
AlgorithmName2,com.google.javascript.jscomp,NameReferenceGraphConstruction,202,0,18,0,49,0,17,0,8,0
AlgorithmName2,com.google.javascript.jscomp,NodeUtil.BooleanResultPredicate,6,0,0,0,2,0,2,0,2,0
AlgorithmName2,com.google.javascript.jscomp,RemoveUnusedVars.CallSiteOptimizer,465,0,88,0,118,0,56,0,12,0
AlgorithmName2,com.google.javascript.jscomp,AmbiguateProperties,688,0,72,0,147,0,48,0,12,0
AlgorithmName2,com.google.javascript.jscomp,ChainableReverseAbstractInterpreter.RestrictByFalseTypeOfResultVisitor,43,0,0,0,10,0,10,0,10,0
AlgorithmName2,com.google.javascript.jscomp,ProcessTweaks,380,0,32,0,96,0,24,0,8,0
AlgorithmName2,com.google.javascript.jscomp,SimpleFunctionAliasAnalysis,129,0,26,0,33,0,18,0,5,0
AlgorithmName2,com.google.javascript.jscomp,InlineFunctions.Inline,78,0,8,0,22,0,7,0,3,0
AlgorithmName2,com.google.javascript.jscomp,PassConfig.State,30,0,0,0,11,0,1,0,1,0
AlgorithmName2,com.google.javascript.jscomp,DiagnosticGroupWarningsGuard,72,0,12,0,13,0,11,0,5,0
AlgorithmName2,com.google.javascript.jscomp,TightenTypes.ConcreteScope,165,0,12,0,35,0,19,0,13,0
AlgorithmName2,com.google.javascript.jscomp,AliasExternals.PropertyGatherer,150,0,40,0,25,0,24,0,4,0
AlgorithmName2,com.google.javascript.jscomp,NameAnonymousFunctions.AnonymousFunctionNamer,64,0,0,0,13,0,5,0,5,0
AlgorithmName2,com.google.javascript.jscomp,SideEffectsAnalysis.CrossModuleMotionEnvironment,5,0,0,0,3,0,2,0,2,0
AlgorithmName2,com.google.javascript.jscomp,NameAnalyzer.new Predicate() {...},11,0,2,0,4,0,3,0,2,0
AlgorithmName2,com.google.javascript.jscomp,CheckUnreachableCode,80,0,10,0,22,0,12,0,7,0
AlgorithmName2,com.google.javascript.jscomp,InlineSimpleMethods.new MethodCompilerPass.SignatureStore() {...},6,0,0,0,4,0,4,0,4,0
AlgorithmName2,com.google.javascript.jscomp,JsMessageExtractor.ExtractMessagesVisitor,27,0,2,0,8,0,4,0,3,0
AlgorithmName2,com.google.javascript.jscomp,RemoveUnusedVars.Continuation,43,0,4,0,10,0,4,0,2,0
AlgorithmName2,com.google.javascript.jscomp,DefinitionsRemover.Definition,21,0,2,0,8,0,4,0,3,0
AlgorithmName2,com.google.javascript.jscomp,VariableShadowDeclarationCheck.NoShadowAnnotationGatheringCallback,35,0,4,0,11,0,7,0,5,0
AlgorithmName2,com.google.javascript.jscomp,AliasExternals.GlobalGatherer,89,0,26,0,20,0,15,0,2,0
AlgorithmName2,com.google.javascript.jscomp,FunctionTypeBuilder,1276,0,248,0,304,0,147,0,23,0
AlgorithmName2,com.google.javascript.jscomp,CollapseProperties,1446,0,250,0,353,0,150,0,24,0
AlgorithmName2,com.google.javascript.jscomp,Tracer.AtomicTracerStatMap,50,0,6,0,12,0,6,0,3,0
AlgorithmName2,com.google.javascript.jscomp,Normalize.PropagateConstantAnnotationsOverVars,102,0,18,0,25,0,12,0,3,0
AlgorithmName2,com.google.javascript.jscomp,DataFlowAnalysis.BranchedFlowState,78,0,2,0,19,0,8,0,7,0
AlgorithmName2,com.google.javascript.jscomp,RecordFunctionInformation.new Comparator() {...},12,0,0,0,2,0,2,0,2,0
AlgorithmName2,com.google.javascript.jscomp,DisambiguateProperties.Warnings,8,0,0,0,2,0,2,0,2,0
AlgorithmName2,com.google.javascript.jscomp,ProcessClosurePrimitives.UnrecognizedRequire,15,0,0,0,5,0,1,0,1,0
AlgorithmName2,com.google.javascript.jscomp,SideEffectsAnalysis.VisibilityLocationAbstraction.VisibilityBasedEffectLocation,49,0,4,0,12,0,6,0,4,0
AlgorithmName2,com.google.javascript.jscomp,NameAnalyzer.RefType,24,0,0,0,3,0,1,0,1,0
AlgorithmName2,com.google.javascript.jscomp,CompilerOptions.NullAliasTransformationHandler,11,0,0,0,3,0,2,0,2,0
AlgorithmName2,com.google.javascript.jscomp,CompilerOptions.LanguageMode,34,0,0,0,4,0,1,0,1,0
AlgorithmName2,com.google.javascript.jscomp,SourceExcerptProvider.SourceExcerpt.new SourceExcerptProvider.SourceExcerpt() {...},13,0,0,0,3,0,2,0,2,0
AlgorithmName2,com.google.javascript.jscomp,InlineVariables.AliasCandidate,9,0,0,0,4,0,1,0,1,0
AlgorithmName2,com.google.javascript.jscomp,SourceExcerptProvider.SourceExcerpt.new SourceExcerptProvider.SourceExcerpt() {...},14,0,0,0,3,0,2,0,2,0
AlgorithmName2,com.google.javascript.jscomp,NodeUtil.NumbericResultPredicate,6,0,0,0,2,0,2,0,2,0
AlgorithmName2,com.google.javascript.jscomp,CheckRegExp,114,0,24,0,27,0,17,0,5,0
AlgorithmName2,com.google.javascript.jscomp,LinkedFlowScope.FlowScopeJoinOp,34,0,2,0,8,0,3,0,2,0
AlgorithmName2,com.google.javascript.jscomp,ReplaceIdGenerators,119,0,6,0,28,0,7,0,4,0
AlgorithmName2,com.google.javascript.jscomp,DisambiguateProperties.ConcreteTypeSystem,313,0,62,0,71,0,47,0,16,0
AlgorithmName2,com.google.javascript.jscomp,InlineFunctions.CallVisitor,84,0,16,0,24,0,10,0,2,0
AlgorithmName2,com.google.javascript.jscomp,ParallelCompilerPass.new Thread() {...},21,0,0,0,3,0,2,0,2,0
AlgorithmName2,com.google.javascript.jscomp,PureFunctionIdentifier.Driver,74,0,4,0,22,0,4,0,2,0
AlgorithmName2,com.google.javascript.jscomp,InstrumentationTemplate.new Descriptors.FileDescriptor.InternalDescriptorAssigner() {...},47,0,0,0,5,0,2,0,2,0
AlgorithmName2,com.google.javascript.jscomp,CodeConsumer,306,0,54,0,108,0,58,0,31,0
AlgorithmName2,com.google.javascript.jscomp,SimpleRegion,21,0,0,0,8,0,4,0,4,0
AlgorithmName2,com.google.javascript.jscomp,ClosureCodeRemoval.RemovableAssignment,78,0,8,0,22,0,6,0,2,0
AlgorithmName2,com.google.javascript.jscomp,DevirtualizePrototypeMethods,503,0,84,0,146,0,55,0,13,0
AlgorithmName2,com.google.javascript.jscomp,Strings,100,0,22,0,18,0,17,0,6,0
AlgorithmName2,com.google.javascript.jscomp,StripCode,50,0,0,0,14,0,4,0,4,0
AlgorithmName2,com.google.javascript.jscomp,FunctionArgumentInjector,429,0,88,0,105,0,55,0,10,0
AlgorithmName2,com.google.javascript.jscomp,TightenTypes.VariableAssignAction,36,0,0,0,8,0,2,0,2,0
AlgorithmName2,com.google.javascript.jscomp,OptimizeParameters,698,0,122,0,195,0,80,0,18,0
AlgorithmName2,com.google.javascript.jscomp,DefaultPassConfig.36.new CompilerPass() {...},32,0,0,0,5,0,2,0,2,0
AlgorithmName2,com.google.javascript.jscomp,ReplaceStrings.Location,15,0,0,0,5,0,1,0,1,0
AlgorithmName2,com.google.javascript.jscomp,PassConfig,227,0,20,0,56,0,23,0,13,0
AlgorithmName2,com.google.javascript.jscomp,FunctionNames.FunctionExpressionNamer,53,0,4,0,11,0,7,0,5,0
AlgorithmName2,com.google.javascript.jscomp,SpecializeModule.NodeMatcher,31,0,4,0,10,0,4,0,2,0
AlgorithmName2,com.google.javascript.jscomp,LinkedFlowScope.FlatFlowScopeCache,204,0,24,0,49,0,16,0,4,0
AlgorithmName2,com.google.javascript.jscomp,ConcreteType.ConcreteFunctionType,249,0,32,0,57,0,31,0,15,0
AlgorithmName2,com.google.javascript.jscomp,CheckUnreachableCode.ReachablePredicate,46,0,10,0,11,0,7,0,2,0
AlgorithmName2,com.google.javascript.jscomp,AmbiguateProperties.Property,100,0,16,0,25,0,11,0,3,0
AlgorithmName2,com.google.javascript.jscomp,AliasExternals.GetGlobals,86,0,21,0,20,0,14,0,3,0
AlgorithmName2,com.google.javascript.jscomp,PeepholeSimplifyRegExp,119,0,26,0,27,0,15,0,2,0
AlgorithmName2,com.google.javascript.jscomp,FunctionTypeBuilder.ImplementedTypeValidator,74,0,8,0,14,0,6,0,2,0
AlgorithmName2,com.google.javascript.jscomp,AnalyzePrototypeProperties.PropagateReferences,31,0,6,0,8,0,5,0,2,0
AlgorithmName2,com.google.javascript.jscomp,PassConfig.PassConfigDelegate,33,0,0,0,10,0,7,0,7,0
AlgorithmName2,com.google.javascript.jscomp,RenameVars.new Comparator() {...},19,0,2,0,4,0,3,0,2,0
AlgorithmName2,com.google.javascript.jscomp,RenameVars.new Comparator() {...},9,0,0,0,2,0,2,0,2,0
AlgorithmName2,com.google.javascript.jscomp,BasicErrorManager,124,0,12,0,30,0,16,0,10,0
AlgorithmName2,com.google.javascript.jscomp,RenameProperties.PropertyAffinity,19,0,0,0,6,0,2,0,2,0
AlgorithmName2,com.google.javascript.jscomp,CheckRequiresForConstructors.CheckRequiresForConstructorsCallback,274,0,64,0,68,0,40,0,6,0
AlgorithmName2,com.google.javascript.jscomp,AliasStrings.StringOccurrence,9,0,0,0,4,0,1,0,1,0
AlgorithmName2,com.google.javascript.jscomp,PeepholeFoldWithTypes,99,0,28,0,30,0,17,0,3,0
AlgorithmName2,com.google.javascript.jscomp,ExtractPrototypeMemberDeclarations,205,0,8,0,48,0,10,0,6,0
AlgorithmName2,com.google.javascript.jscomp,DiagnosticGroup,135,0,10,0,33,0,17,0,12,0
AlgorithmName2,com.google.javascript.jscomp,InferJSDocInfo,235,0,75,0,72,0,44,0,6,0
AlgorithmName2,com.google.javascript.jscomp,DefaultPassConfig.12.new CompilerPass() {...},35,0,2,0,7,0,3,0,2,0
AlgorithmName2,com.google.javascript.jscomp,CompilerOptions.DevMode,44,0,0,0,5,0,1,0,1,0
AlgorithmName2,com.google.javascript.jscomp,NodeUtil.VarCollector,34,0,8,0,9,0,6,0,2,0
AlgorithmName2,com.google.javascript.jscomp,SyntacticScopeCreator.DefaultRedeclarationHandler,125,0,26,0,29,0,15,0,2,0
AlgorithmName2,com.google.javascript.jscomp,AbstractCompiler,18,0,0,0,6,0,4,0,4,0
AlgorithmName2,com.google.javascript.jscomp,RenamePrototypes,309,0,34,0,62,0,22,0,5,0
AlgorithmName2,com.google.javascript.jscomp,OptimizeArgumentsArray,300,0,40,0,80,0,29,0,9,0
AlgorithmName2,com.google.javascript.jscomp,JsMessageExtractor,105,0,6,0,21,0,6,0,3,0
AlgorithmName2,com.google.javascript.jscomp,CodeGenerator,2459,0,451,0,588,0,288,0,36,0
AlgorithmName2,com.google.javascript.jscomp,AbstractCommandLineRunner.WarningGuardSpec,21,0,0,0,6,0,3,0,3,0
AlgorithmName2,com.google.javascript.jscomp,DataFlowAnalysis.BranchedForwardDataFlowAnalysis,189,0,18,0,41,0,15,0,6,0
AlgorithmName2,com.google.javascript.jscomp,SourceMap.DetailLevel.new SourceMap.DetailLevel() {...},8,0,0,0,2,0,2,0,2,0
AlgorithmName2,com.google.javascript.jscomp,SourceMap.DetailLevel.new SourceMap.DetailLevel() {...},37,0,16,0,8,0,10,0,2,0
AlgorithmName2,com.google.javascript.jscomp,RenameProperties.ProcessExterns,42,0,7,0,10,0,6,0,2,0
AlgorithmName2,com.google.javascript.jscomp,DefaultPassConfig.23.new HotSwapCompilerPass() {...},40,0,0,0,7,0,3,0,3,0
AlgorithmName2,com.google.javascript.jscomp,Tracer.Stat,24,0,2,0,5,0,6,0,5,0
AlgorithmName2,com.google.javascript.jscomp,ExtractPrototypeMemberDeclarations.PrototypeMemberDeclaration,39,0,2,0,12,0,4,0,3,0
AlgorithmName2,com.google.javascript.jscomp,NodeUtil.MatchNameNode,20,0,4,0,5,0,4,0,2,0
AlgorithmName2,com.google.javascript.jscomp,DisambiguateProperties.Property,279,0,44,0,62,0,31,0,9,0
AlgorithmName2,com.google.javascript.jscomp,InstrumentationTemplate,21,0,0,0,8,0,4,0,4,0
AlgorithmName2,com.google.javascript.jscomp,ControlFlowAnalysis.AstControlFlowGraph.new Comparator() {...},16,0,0,0,2,0,2,0,2,0
AlgorithmName2,com.google.javascript.jscomp,ControlFlowAnalysis.AstControlFlowGraph.new Comparator() {...},16,0,0,0,2,0,2,0,2,0
AlgorithmName2,com.google.javascript.jscomp,FunctionInjector.new Predicate() {...},48,0,12,0,8,0,8,0,2,0
AlgorithmName2,com.google.javascript.jscomp,AbstractPeepholeOptimization,123,0,16,0,28,0,19,0,11,0
AlgorithmName2,com.google.javascript.jscomp,AnalyzePrototypeProperties.NameInfo,79,0,8,0,25,0,11,0,7,0
AlgorithmName2,com.google.javascript.jscomp,SourceMap.DetailLevel,24,0,0,0,3,0,1,0,1,0
AlgorithmName2,com.google.javascript.jscomp,Normalize.DuplicateDeclarationHandler,180,0,32,0,41,0,19,0,3,0
AlgorithmName2,com.google.javascript.jscomp,NodeUtil.MatchNodeType,15,0,2,0,4,0,3,0,2,0
AlgorithmName2,com.google.javascript.jscomp,TypedScopeCreator.GlobalScopeBuilder,110,0,14,0,27,0,11,0,4,0
AlgorithmName2,com.google.javascript.jscomp,ClosureCodeRemoval.FindAbstractMethods,42,0,8,0,10,0,6,0,2,0
AlgorithmName2,com.google.javascript.jscomp,ExportTestFunctions,77,0,4,0,20,0,7,0,5,0
AlgorithmName2,com.google.javascript.jscomp,CollapseAnonymousFunctions,20,0,0,0,6,0,2,0,2,0
AlgorithmName2,com.google.javascript.jscomp,InlineFunctions.FunctionExpression,19,0,0,0,8,0,5,0,5,0
AlgorithmName2,com.google.javascript.jscomp,NameReferenceGraphConstruction.NameUse,9,0,0,0,4,0,1,0,1,0
AlgorithmName2,com.google.javascript.jscomp,PureFunctionIdentifier.FunctionAnalyzer,531,0,126,0,160,0,79,0,14,0
AlgorithmName2,com.google.javascript.jscomp,LiveVariablesAnalysis.LiveVariableJoinOp,27,0,2,0,4,0,2,0,1,0
AlgorithmName2,com.google.javascript.jscomp,MemoizedScopeCreator,46,0,4,0,11,0,5,0,3,0
AlgorithmName2,com.google.javascript.jscomp,DiagnosticGroups,341,0,0,0,60,0,8,0,8,0
AlgorithmName2,com.google.javascript.jscomp,CrossModuleMethodMotion,239,0,28,0,61,0,18,0,4,0
AlgorithmName2,com.google.javascript.jscomp,FunctionInjector.CanInlineResult,34,0,0,0,4,0,1,0,1,0
AlgorithmName2,com.google.javascript.jscomp,DefinitionSite,18,0,0,0,7,0,1,0,1,0
AlgorithmName2,com.google.javascript.jscomp,MarkNoSideEffectCalls.SetNoSideEffectCallProperty,56,0,12,0,18,0,8,0,2,0
AlgorithmName2,com.google.javascript.jscomp,FunctionInformationMap.Entry.Builder,490,0,47,0,133,0,68,0,41,0
AlgorithmName2,com.google.javascript.jscomp,ScopedAliases.Traversal.new SourcePosition() {...},6,0,0,0,1,0,1,0,1,0
AlgorithmName2,com.google.javascript.jscomp,AmbiguateProperties.JSTypeBitSet,48,0,2,0,13,0,4,0,3,0
AlgorithmName2,com.google.javascript.jscomp,AliasKeywords.FindAliasableNodes,60,0,6,0,14,0,7,0,4,0
AlgorithmName2,com.google.javascript.jscomp,CssRenamingMap.ByWhole,5,0,0,0,2,0,2,0,2,0
AlgorithmName2,com.google.javascript.jscomp,FunctionInjector.Reference,12,0,0,0,5,0,1,0,1,0
AlgorithmName2,com.google.javascript.jscomp,RenameProperties,498,0,52,0,106,0,35,0,9,0
AlgorithmName2,com.google.javascript.jscomp,ProcessClosurePrimitives.ProvidedName,486,0,64,0,123,0,46,0,14,0
AlgorithmName2,com.google.javascript.jscomp,CodePrinter.Builder,110,0,8,0,35,0,14,0,10,0
AlgorithmName2,com.google.javascript.jscomp,FunctionRewriter.Reducer,23,0,2,0,6,0,3,0,2,0
AlgorithmName2,com.google.javascript.jscomp,CollapseProperties.new NodeTraversal.AbstractShallowCallback() {...},33,0,2,0,6,0,3,0,2,0
AlgorithmName2,com.google.javascript.jscomp,DefinitionsRemover.IncompleteDefinition,40,0,0,0,11,0,4,0,4,0
AlgorithmName2,com.google.javascript.jscomp,SideEffectsAnalysis.IntraproceduralMotionEnvironment,5,0,0,0,3,0,2,0,2,0
AlgorithmName2,com.google.javascript.jscomp,CoalesceVariableNames.new Comparator() {...},9,0,0,0,2,0,2,0,2,0
AlgorithmName2,com.google.javascript.jscomp,ExpressionDecomposer,1031,0,153,0,283,0,103,0,24,0
AlgorithmName2,com.google.javascript.jscomp,SideEffectsAnalysis.AbstractMotionEnvironment,3,0,0,0,1,0,1,0,1,0
AlgorithmName2,com.google.javascript.jscomp,CheckProvides.CheckProvidesCallback,142,0,26,0,36,0,18,0,4,0
AlgorithmName2,com.google.javascript.jscomp,TightenTypes,1034,0,153,0,255,0,103,0,20,0
AlgorithmName2,com.google.javascript.jscomp,ControlFlowGraph.Branch,64,0,4,0,7,0,4,0,2,0
AlgorithmName2,com.google.javascript.jscomp,NameAnalyzer.RemoveListener,11,0,0,0,3,0,2,0,2,0
AlgorithmName2,com.google.javascript.jscomp,ProcessTweaks.TweakInfo,208,0,20,0,43,0,19,0,9,0
AlgorithmName2,com.google.javascript.jscomp,NameAnalyzer.ProcessExternals,50,0,6,0,11,0,5,0,2,0
AlgorithmName2,com.google.javascript.jscomp,PhaseOptimizer,285,0,28,0,76,0,30,0,16,0
AlgorithmName2,com.google.javascript.jscomp,InlineObjectLiterals.InliningBehavior,767,0,108,0,169,0,64,0,10,0
AlgorithmName2,com.google.javascript.jscomp,CheckLevel,41,0,2,0,5,0,3,0,2,0
AlgorithmName2,com.google.javascript.jscomp,ScopedAliases.AliasedNode,22,0,0,0,7,0,2,0,2,0
AlgorithmName2,com.google.javascript.jscomp,AnalyzePrototypeProperties.ProcessExternProperties,30,0,2,0,5,0,3,0,2,0
AlgorithmName2,com.google.javascript.jscomp,ProcessClosurePrimitives,1523,0,251,0,366,0,150,0,22,0
AlgorithmName2,com.google.javascript.jscomp,TightenTypes.FunctionCall,107,0,12,0,26,0,8,0,2,0
AlgorithmName2,com.google.javascript.jscomp,ObjectPropertyStringPreprocess.Callback,167,0,12,0,41,0,8,0,2,0
AlgorithmName2,com.google.javascript.jscomp,MustBeReachingVariableDef,507,0,81,0,114,0,55,0,12,0
AlgorithmName2,com.google.javascript.jscomp,NodeUtil.MatchNotFunction,10,0,2,0,2,0,3,0,2,0
AlgorithmName2,com.google.javascript.jscomp,SuppressDocWarningsGuard,97,0,18,0,30,0,12,0,3,0
AlgorithmName2,com.google.javascript.jscomp,OptimizeParameters.Parameter,33,0,0,0,14,0,8,0,8,0
AlgorithmName2,com.google.javascript.jscomp,AliasKeywords.KeywordAliasSpecification,58,0,0,0,17,0,4,0,4,0
AlgorithmName2,com.google.javascript.jscomp,DefaultPassConfig.93.new CompilerPass() {...},53,0,0,0,11,0,2,0,2,0
AlgorithmName2,com.google.javascript.jscomp,InlineFunctions.FindCandidatesReferences,200,0,40,0,51,0,26,0,6,0
AlgorithmName2,com.google.javascript.jscomp,ErrorPass,23,0,0,0,8,0,3,0,3,0
AlgorithmName2,com.google.javascript.jscomp,NameAnalyzer.JsName,69,0,6,0,18,0,6,0,3,0
AlgorithmName2,com.google.javascript.jscomp,InlineFunctions.FindCandidateFunctions,161,0,39,0,35,0,25,0,5,0
AlgorithmName2,com.google.javascript.jscomp,TypedScopeCreator,510,0,58,0,143,0,43,0,14,0
AlgorithmName2,com.google.javascript.jscomp,CrossModuleCodeMotion.NamedInfo,65,0,8,0,18,0,8,0,4,0
AlgorithmName2,com.google.javascript.jscomp,CallGraph.Function,109,0,16,0,32,0,19,0,11,0
AlgorithmName2,com.google.javascript.jscomp,DefaultPassConfig.8.new HotSwapCompilerPass() {...},28,0,0,0,6,0,3,0,3,0
AlgorithmName2,com.google.javascript.jscomp,ReferenceCollectingCallback.ReferenceMapWrapper,12,0,0,0,4,0,2,0,2,0
AlgorithmName2,com.google.javascript.jscomp,VarCheck.NameRefInExternsCheck,76,0,11,0,17,0,8,0,2,0
AlgorithmName2,com.google.javascript.jscomp,VariableReferenceCheck,56,0,0,0,15,0,4,0,4,0
AlgorithmName2,com.google.javascript.jscomp,InstrumentFunctions,204,0,12,0,51,0,8,0,2,0
AlgorithmName2,com.google.javascript.jscomp,FunctionArgumentInjector.ReferencedAfterSideEffect,161,0,42,0,43,0,28,0,7,0
AlgorithmName2,com.google.javascript.jscomp,ParallelCompilerPass,162,0,14,0,48,0,13,0,6,0
AlgorithmName2,com.google.javascript.jscomp,ConcreteType.ConcreteUniqueType,41,0,6,0,7,0,7,0,4,0
AlgorithmName2,com.google.javascript.jscomp,OptimizeCalls,48,0,4,0,13,0,5,0,3,0
AlgorithmName2,com.google.javascript.jscomp,CoalesceVariableNames.LiveRangeChecker,125,0,42,0,27,0,27,0,6,0
AlgorithmName2,com.google.javascript.jscomp,NameAnalyzer.JsNameRefNode,63,0,6,0,18,0,7,0,3,0
AlgorithmName2,com.google.javascript.jscomp,MinimizeExitPoints,373,0,69,0,108,0,43,0,7,0
AlgorithmName2,com.google.javascript.jscomp,NodeUtil,3539,0,892,0,898,0,672,0,154,0
AlgorithmName2,com.google.javascript.jscomp,AliasKeywords,247,0,22,0,53,0,22,0,11,0
AlgorithmName2,com.google.javascript.jscomp,VariableShadowDeclarationCheck.ShadowDeclarationCheckingCallback,92,0,12,0,24,0,11,0,5,0
AlgorithmName2,com.google.javascript.jscomp,RenameLabels.DefaultNameSupplier,17,0,0,0,3,0,2,0,2,0
AlgorithmName2,com.google.javascript.jscomp,NameReferenceGraph.Name,210,0,22,0,54,0,33,0,22,0
AlgorithmName2,com.google.javascript.jscomp,FunctionInformationMap.Entry,393,0,48,0,111,0,63,0,39,0
AlgorithmName2,com.google.javascript.jscomp,RemoveUnusedVars.Assign,142,0,22,0,40,0,14,0,3,0
AlgorithmName2,com.google.javascript.jscomp,StatementFusion,182,0,35,0,54,0,26,0,7,0
AlgorithmName2,com.google.javascript.jscomp,GlobalNamespace.BuildGlobalNamespace,768,0,160,0,212,0,107,0,16,0
AlgorithmName2,com.google.javascript.jscomp,PeepholeSubstituteAlternateSyntax.FoldArrayAction,34,0,0,0,2,0,1,0,1,0
AlgorithmName2,com.google.javascript.jscomp,CodePrinter.Format,34,0,0,0,4,0,1,0,1,0
AlgorithmName2,com.google.javascript.jscomp,CheckPropertyOrder.PropertyOrders,122,0,10,0,28,0,11,0,6,0
AlgorithmName2,com.google.javascript.jscomp,MethodCompilerPass,115,0,6,0,29,0,7,0,4,0
AlgorithmName2,com.google.javascript.jscomp,ConcreteType.ConcreteAll,8,0,0,0,4,0,4,0,4,0
AlgorithmName2,com.google.javascript.jscomp,ProcessTweaks.CollectTweaksResult,9,0,0,0,4,0,1,0,1,0
AlgorithmName2,com.google.javascript.jscomp,SpecializeModule,370,0,38,0,96,0,28,0,9,0
AlgorithmName2,com.google.javascript.jscomp,ReplaceStrings.Result,33,0,0,0,9,0,2,0,2,0
AlgorithmName2,com.google.javascript.jscomp,LineNumberCheck,71,0,8,0,22,0,10,0,6,0
AlgorithmName2,com.google.javascript.jscomp,CodeChangeHandler.ForbiddenChange,8,0,0,0,2,0,2,0,2,0
AlgorithmName2,com.google.javascript.jscomp,CodePrinter.CompactCodePrinter,153,0,16,0,38,0,14,0,6,0
AlgorithmName2,com.google.javascript.jscomp,FunctionInfo,21,0,0,0,8,0,4,0,4,0
AlgorithmName2,com.google.javascript.jscomp,FunctionTypeBuilder.ExtendedTypeValidator,79,0,8,0,14,0,6,0,2,0
AlgorithmName2,com.google.javascript.jscomp,DefaultPassConfig.80.new CompilerPass() {...},14,0,0,0,3,0,2,0,2,0
AlgorithmName2,com.google.javascript.jscomp,TypeValidator,1154,0,198,0,255,0,133,0,34,0
AlgorithmName2,com.google.javascript.jscomp,DefaultPassConfig.27.new CompilerPass() {...},39,0,0,0,5,0,2,0,2,0
AlgorithmName2,com.google.javascript.jscomp,InstrumentFunctions.InstrumentReturns,128,0,12,0,34,0,12,0,6,0
AlgorithmName2,com.google.javascript.jscomp,CallGraph.Callsite,65,0,6,0,20,0,10,0,7,0
AlgorithmName2,com.google.javascript.jscomp,TightenTypes.ConcreteJSTypePair,67,0,14,0,16,0,12,0,5,0
AlgorithmName2,com.google.javascript.jscomp,CheckSideEffects,159,0,54,0,43,0,30,0,3,0
AlgorithmName2,com.google.javascript.jscomp,ConcreteType.ConcreteInstanceType,125,0,22,0,32,0,21,0,10,0
AlgorithmName2,com.google.javascript.jscomp,ScopedAliases,145,0,18,0,38,0,13,0,4,0
AlgorithmName2,com.google.javascript.jscomp,CheckPathsBetweenNodes,276,0,50,0,77,0,36,0,11,0
AlgorithmName2,com.google.javascript.jscomp,CodingConvention.SubclassType,24,0,0,0,3,0,1,0,1,0
AlgorithmName2,com.google.javascript.jscomp,ConvertToDottedProperties,61,0,11,0,18,0,9,0,3,0
AlgorithmName2,com.google.javascript.jscomp,GlobalNamespace.Name,553,0,113,0,119,0,80,0,19,0
AlgorithmName2,com.google.javascript.jscomp,Tracer.ThreadTrace,549,0,76,0,127,0,48,0,10,0
AlgorithmName2,com.google.javascript.jscomp,RenamePrototypes.ProcessProperties,190,0,28,0,44,0,22,0,7,0
AlgorithmName2,com.google.javascript.jscomp,GlobalVarReferenceMap.SourceRefRange,35,0,0,0,7,0,3,0,3,0
AlgorithmName2,com.google.javascript.jscomp,SideEffectsAnalysis,309,0,59,0,86,0,45,0,12,0
AlgorithmName2,com.google.javascript.jscomp,AnalyzePrototypeProperties.GlobalFunction,69,0,12,0,18,0,10,0,4,0
AlgorithmName2,com.google.javascript.jscomp,CheckAccidentalSemicolon,52,0,11,0,16,0,9,0,3,0
AlgorithmName2,com.google.javascript.jscomp,CodeGenerator.Context,64,0,0,0,7,0,1,0,1,0
AlgorithmName2,com.google.javascript.jscomp,NameAnalyzer.AliasSet,16,0,0,0,5,0,1,0,1,0
AlgorithmName2,com.google.javascript.jscomp,ProcessDefines,324,0,44,0,77,0,30,0,8,0
AlgorithmName2,com.google.javascript.jscomp,DefaultPassConfig.new PassFactory() {...},9,0,0,0,2,0,2,0,2,0
AlgorithmName2,com.google.javascript.jscomp,DefaultPassConfig.new PassFactory() {...},20,0,0,0,2,0,2,0,2,0
AlgorithmName2,com.google.javascript.jscomp,DefaultPassConfig.new CompilerPass() {...},23,0,2,0,5,0,3,0,2,0
AlgorithmName2,com.google.javascript.jscomp,DefaultPassConfig.new PassFactory() {...},14,0,0,0,2,0,2,0,2,0
AlgorithmName2,com.google.javascript.jscomp,DefaultPassConfig.new PassFactory() {...},14,0,0,0,2,0,2,0,2,0
AlgorithmName2,com.google.javascript.jscomp,Scope.new Predicate() {...},21,0,8,0,5,0,6,0,2,0
AlgorithmName2,com.google.javascript.jscomp,JsMessage,280,0,52,0,52,0,41,0,15,0
AlgorithmName2,com.google.javascript.jscomp,Denormalize,123,0,30,0,41,0,20,0,5,0
AlgorithmName2,com.google.javascript.jscomp,CheckGlobalNames,324,0,56,0,67,0,38,0,10,0
AlgorithmName2,com.google.javascript.jscomp,Compiler.CodeBuilder,103,0,8,0,22,0,12,0,8,0
AlgorithmName2,com.google.javascript.jscomp,DefaultPassConfig.new PassFactory() {...},14,0,0,0,2,0,2,0,2,0
AlgorithmName2,com.google.javascript.jscomp,DefaultPassConfig.new PassFactory() {...},13,0,0,0,2,0,2,0,2,0
AlgorithmName2,com.google.javascript.jscomp,CreateSyntheticBlocks,168,0,10,0,42,0,12,0,7,0
AlgorithmName2,com.google.javascript.jscomp,DefaultPassConfig.new PassFactory() {...},11,0,0,0,2,0,2,0,2,0
AlgorithmName2,com.google.javascript.jscomp,DefaultPassConfig.new PassFactory() {...},46,0,2,0,10,0,3,0,2,0
AlgorithmName2,com.google.javascript.jscomp,DefaultPassConfig.new PassFactory() {...},46,0,2,0,10,0,3,0,2,0
AlgorithmName2,com.google.javascript.jscomp,DefaultPassConfig.new PassFactory() {...},13,0,0,0,2,0,2,0,2,0
AlgorithmName2,com.google.javascript.jscomp,DefaultPassConfig.new PassFactory() {...},13,0,0,0,2,0,2,0,2,0
AlgorithmName2,com.google.javascript.jscomp,DefaultPassConfig.new PassFactory() {...},12,0,0,0,2,0,2,0,2,0
AlgorithmName2,com.google.javascript.jscomp,DefaultPassConfig.new PassFactory() {...},14,0,0,0,2,0,2,0,2,0
AlgorithmName2,com.google.javascript.jscomp,DefaultPassConfig.new PassFactory() {...},14,0,0,0,2,0,2,0,2,0
AlgorithmName2,com.google.javascript.jscomp,SpecializeModule.OriginalFunctionInformation,123,0,14,0,28,0,12,0,5,0
AlgorithmName2,com.google.javascript.jscomp,CheckPathsBetweenNodes.new Annotation() {...},3,0,0,0,1,0,1,0,1,0
AlgorithmName2,com.google.javascript.jscomp,CheckPathsBetweenNodes.new Annotation() {...},3,0,0,0,1,0,1,0,1,0
AlgorithmName2,com.google.javascript.jscomp,TightenTypes.FunctionCallBuilder,83,0,8,0,18,0,9,0,5,0
AlgorithmName2,com.google.javascript.jscomp,CheckPathsBetweenNodes.new Annotation() {...},3,0,0,0,1,0,1,0,1,0
AlgorithmName2,com.google.javascript.jscomp,CommandLineRunner.Flags.WarningGuardErrorOptionHandler,11,0,0,0,2,0,1,0,1,0
AlgorithmName2,com.google.javascript.jscomp,CheckPathsBetweenNodes.new Annotation() {...},3,0,0,0,1,0,1,0,1,0
AlgorithmName2,com.google.javascript.jscomp,TypedScopeCreator.LocalScopeBuilder,130,0,22,0,36,0,16,0,5,0
AlgorithmName2,com.google.javascript.jscomp,ClosureReverseAbstractInterpreter.new Function() {...},17,0,2,0,4,0,3,0,2,0
AlgorithmName2,com.google.javascript.jscomp,ClosureReverseAbstractInterpreter.new Function() {...},20,0,2,0,4,0,3,0,2,0
AlgorithmName2,com.google.javascript.jscomp,ClosureReverseAbstractInterpreter.new Function() {...},20,0,2,0,5,0,3,0,2,0
AlgorithmName2,com.google.javascript.jscomp,SourceMap.Format.new SourceMap.Format() {...},13,0,0,0,3,0,2,0,2,0
AlgorithmName2,com.google.javascript.jscomp,SourceMap.Format.new SourceMap.Format() {...},13,0,0,0,3,0,2,0,2,0
AlgorithmName2,com.google.javascript.jscomp,SourceMap.Format.new SourceMap.Format() {...},13,0,0,0,3,0,2,0,2,0
AlgorithmName2,com.google.javascript.jscomp,DefaultPassConfig.new PassFactory() {...},13,0,0,0,2,0,2,0,2,0
AlgorithmName2,com.google.javascript.jscomp,DefaultPassConfig.new PassFactory() {...},13,0,0,0,2,0,2,0,2,0
AlgorithmName2,com.google.javascript.jscomp,SourceMap.Format.new SourceMap.Format() {...},13,0,0,0,3,0,2,0,2,0
AlgorithmName2,com.google.javascript.jscomp,DefaultPassConfig.new PassFactory() {...},13,0,0,0,2,0,2,0,2,0
AlgorithmName2,com.google.javascript.jscomp,DefaultPassConfig.new PassFactory() {...},14,0,0,0,2,0,2,0,2,0
AlgorithmName2,com.google.javascript.jscomp,DefaultPassConfig.new PassFactory() {...},13,0,0,0,2,0,2,0,2,0
AlgorithmName2,com.google.javascript.jscomp,DefaultPassConfig.new PassFactory() {...},23,0,0,0,2,0,2,0,2,0
AlgorithmName2,com.google.javascript.jscomp,ChainableReverseAbstractInterpreter,266,0,44,0,70,0,35,0,12,0
AlgorithmName2,com.google.javascript.jscomp,DefaultPassConfig.new PassFactory() {...},34,0,2,0,4,0,3,0,2,0
AlgorithmName2,com.google.javascript.jscomp,DefaultPassConfig.new PassFactory() {...},13,0,0,0,2,0,2,0,2,0
AlgorithmName2,com.google.javascript.jscomp,DefaultPassConfig.new PassFactory() {...},13,0,0,0,2,0,2,0,2,0
AlgorithmName2,com.google.javascript.jscomp,DefaultPassConfig.new PassFactory() {...},18,0,0,0,3,0,2,0,2,0
AlgorithmName2,com.google.javascript.jscomp,ConcreteType.TypeFilter,9,0,0,0,3,0,1,0,1,0
AlgorithmName2,com.google.javascript.jscomp,ExportTestFunctions.ExportTestFunctionsNodes,75,0,18,0,16,0,12,0,3,0
AlgorithmName2,com.google.javascript.jscomp,TightenTypes.ConcreteSlot,53,0,2,0,13,0,8,0,7,0
AlgorithmName2,com.google.javascript.jscomp,PrepareAst.PrepareAnnotations,198,0,49,0,53,0,33,0,8,0
AlgorithmName2,com.google.javascript.jscomp,JSError,299,0,41,0,54,0,34,0,13,0
AlgorithmName2,com.google.javascript.jscomp,SuspiciousPropertiesCheck,161,0,12,0,34,0,12,0,6,0
AlgorithmName2,com.google.javascript.jscomp,ClosureReverseAbstractInterpreter.new Function() {...},15,0,0,0,2,0,2,0,2,0
AlgorithmName2,com.google.javascript.jscomp,DefaultPassConfig.new PassFactory() {...},15,0,0,0,2,0,2,0,2,0
AlgorithmName2,com.google.javascript.jscomp,DefaultPassConfig.new PassFactory() {...},20,0,0,0,3,0,2,0,2,0
AlgorithmName2,com.google.javascript.jscomp,CheckLevelLegacy,44,0,0,0,5,0,1,0,1,0
AlgorithmName2,com.google.javascript.jscomp,DefaultPassConfig.new PassFactory() {...},33,0,0,0,3,0,2,0,2,0
AlgorithmName2,com.google.javascript.jscomp,DefaultPassConfig.new PassFactory() {...},13,0,0,0,2,0,2,0,2,0
AlgorithmName2,com.google.javascript.jscomp,DefaultPassConfig.new PassFactory() {...},17,0,0,0,2,0,2,0,2,0
AlgorithmName2,com.google.javascript.jscomp,DefaultPassConfig.new PassFactory() {...},21,0,0,0,2,0,2,0,2,0
AlgorithmName2,com.google.javascript.jscomp,DefaultPassConfig.new PassFactory() {...},13,0,0,0,2,0,2,0,2,0
AlgorithmName2,com.google.javascript.jscomp,DefaultPassConfig.new PassFactory() {...},13,0,0,0,2,0,2,0,2,0
AlgorithmName2,com.google.javascript.jscomp,DefaultPassConfig.new PassFactory() {...},13,0,0,0,2,0,2,0,2,0
AlgorithmName2,com.google.javascript.jscomp,DefaultPassConfig.new PassFactory() {...},13,0,0,0,2,0,2,0,2,0
AlgorithmName2,com.google.javascript.jscomp,VariableVisibilityAnalysis.VariableVisibility,44,0,0,0,5,0,1,0,1,0
AlgorithmName2,com.google.javascript.jscomp,FunctionInformationMap.Module.Builder,246,0,28,0,69,0,36,0,21,0
AlgorithmName2,com.google.javascript.jscomp,InlineVariables.InliningBehavior,1061,0,232,0,257,0,139,0,23,0
AlgorithmName2,com.google.javascript.jscomp,ChainableReverseAbstractInterpreter.RestrictByOneTypeOfResultVisitor,156,0,32,0,23,0,27,0,11,0
AlgorithmName2,com.google.javascript.jscomp,VariableMap,218,0,16,0,51,0,19,0,11,0
AlgorithmName2,com.google.javascript.jscomp,LoggerErrorManager,107,0,9,0,20,0,9,0,4,0
AlgorithmName2,com.google.javascript.jscomp,FlowSensitiveInlineVariables.GatherCandiates.new ControlFlowGraph.AbstractCfgNodeTraversalCallback() {...},89,0,22,0,15,0,13,0,2,0
AlgorithmName2,com.google.javascript.jscomp,ClosureCodeRemoval.FindAssertionCalls,49,0,6,0,11,0,5,0,2,0
AlgorithmName2,com.google.javascript.jscomp,ErrorFormat,44,0,0,0,5,0,1,0,1,0
AlgorithmName2,com.google.javascript.jscomp,FunctionInjector.InliningMode,24,0,0,0,3,0,1,0,1,0
AlgorithmName2,com.google.javascript.jscomp,DefaultPassConfig.new PassFactory() {...},15,0,0,0,2,0,2,0,2,0
AlgorithmName2,com.google.javascript.jscomp,DefaultPassConfig.new PassFactory() {...},13,0,0,0,2,0,2,0,2,0
AlgorithmName2,com.google.javascript.jscomp,AbstractCommandLineRunner.FlagUsageException,4,0,0,0,2,0,1,0,1,0
AlgorithmName2,com.google.javascript.jscomp,DefaultPassConfig.new PassFactory() {...},14,0,0,0,2,0,2,0,2,0
AlgorithmName2,com.google.javascript.jscomp,DefaultPassConfig.new PassFactory() {...},25,0,2,0,2,0,3,0,2,0
AlgorithmName2,com.google.javascript.jscomp,DefaultPassConfig.new PassFactory() {...},14,0,0,0,2,0,2,0,2,0
AlgorithmName2,com.google.javascript.jscomp,DefaultPassConfig.new PassFactory() {...},14,0,0,0,2,0,2,0,2,0
AlgorithmName2,com.google.javascript.jscomp,DefaultPassConfig.new PassFactory() {...},13,0,0,0,2,0,2,0,2,0
AlgorithmName2,com.google.javascript.jscomp,DefaultPassConfig.new PassFactory() {...},13,0,0,0,2,0,2,0,2,0
AlgorithmName2,com.google.javascript.jscomp,DefaultPassConfig.new PassFactory() {...},32,0,2,0,4,0,3,0,2,0
AlgorithmName2,com.google.javascript.jscomp,CommandLineRunner.Flags.BooleanOptionHandler,98,0,6,0,21,0,7,0,4,0
AlgorithmName2,com.google.javascript.jscomp,DefaultPassConfig.new PassFactory() {...},44,0,8,0,4,0,6,0,2,0
AlgorithmName2,com.google.javascript.jscomp,NodeTraversal.AbstractPostOrderCallback,5,0,0,0,2,0,2,0,2,0
AlgorithmName2,com.google.javascript.jscomp,SideEffectsAnalysis.DegenerateLocationAbstraction,41,0,4,0,11,0,8,0,6,0
AlgorithmName2,com.google.javascript.jscomp,AliasKeywords.AliasSpecification,75,0,6,0,23,0,9,0,6,0
AlgorithmName2,com.google.javascript.jscomp,ChainCalls.CallSite,18,0,0,0,7,0,1,0,1,0
AlgorithmName2,com.google.javascript.jscomp,DefinitionsRemover.FunctionDefinition,17,0,0,0,6,0,3,0,3,0
AlgorithmName2,com.google.javascript.jscomp,Tracer,473,0,57,0,133,0,58,0,28,0
AlgorithmName2,com.google.javascript.jscomp,DefaultPassConfig.73.new CompilerPass() {...},27,0,0,0,5,0,2,0,2,0
AlgorithmName2,com.google.javascript.jscomp,DefaultPassConfig.new PassFactory() {...},13,0,0,0,2,0,2,0,2,0
AlgorithmName2,com.google.javascript.jscomp,DefaultPassConfig.new PassFactory() {...},24,0,2,0,3,0,3,0,2,0
AlgorithmName2,com.google.javascript.jscomp,DefaultPassConfig.new PassFactory() {...},31,0,2,0,5,0,3,0,2,0
AlgorithmName2,com.google.javascript.jscomp,AbstractCommandLineRunner.CommandLineConfig,303,0,0,0,107,0,34,0,34,0
AlgorithmName2,com.google.javascript.jscomp,DefaultPassConfig.new PassFactory() {...},21,0,2,0,5,0,3,0,2,0
AlgorithmName2,com.google.javascript.jscomp,DefaultPassConfig.new PassFactory() {...},13,0,0,0,2,0,2,0,2,0
AlgorithmName2,com.google.javascript.jscomp,DefaultPassConfig.new PassFactory() {...},13,0,0,0,2,0,2,0,2,0
AlgorithmName2,com.google.javascript.jscomp,DefaultPassConfig.new PassFactory() {...},82,0,14,0,11,0,9,0,2,0
AlgorithmName2,com.google.javascript.jscomp,DataFlowAnalysis.FlowState,64,0,0,0,16,0,7,0,7,0
AlgorithmName2,com.google.javascript.jscomp,DefaultPassConfig.new PassFactory() {...},18,0,0,0,2,0,2,0,2,0
AlgorithmName2,com.google.javascript.jscomp,DefaultPassConfig.new PassFactory() {...},13,0,0,0,2,0,2,0,2,0
AlgorithmName2,com.google.javascript.jscomp,DefaultPassConfig.new PassFactory() {...},46,0,6,0,9,0,5,0,2,0
AlgorithmName2,com.google.javascript.jscomp,RemoveUnusedNames,76,0,10,0,20,0,9,0,4,0
AlgorithmName2,com.google.javascript.jscomp,CodingConvention.ObjectLiteralCast,9,0,0,0,4,0,1,0,1,0
AlgorithmName2,com.google.javascript.jscomp,MarkNoSideEffectCalls.GatherNoSideEffectFunctions,96,0,26,0,28,0,15,0,2,0
AlgorithmName2,com.google.javascript.jscomp,ReferenceCollectingCallback.BasicBlock,85,0,24,0,22,0,16,0,4,0
AlgorithmName2,com.google.javascript.jscomp,SideEffectsAnalysis.VisibilityLocationAbstraction,191,0,31,0,55,0,25,0,8,0
AlgorithmName2,com.google.javascript.jscomp,FunctionToBlockMutator,522,0,76,0,136,0,51,0,13,0
AlgorithmName2,com.google.javascript.jscomp,DefaultPassConfig.84.new CompilerPass() {...},28,0,0,0,3,0,2,0,2,0
AlgorithmName2,com.google.javascript.jscomp,DefinitionsRemover.VarDefinition,66,0,4,0,15,0,6,0,4,0
AlgorithmName2,com.google.javascript.jscomp,DisambiguateProperties.AbstractScopingCallback,46,0,2,0,10,0,6,0,5,0
AlgorithmName2,com.google.javascript.jscomp,DefaultPassConfig.new PassFactory() {...},14,0,0,0,2,0,2,0,2,0
AlgorithmName2,com.google.javascript.jscomp,DefaultPassConfig.new PassFactory() {...},14,0,0,0,2,0,2,0,2,0
AlgorithmName2,com.google.javascript.jscomp,DefaultPassConfig.new PassFactory() {...},13,0,0,0,2,0,2,0,2,0
AlgorithmName2,com.google.javascript.jscomp,PeepholeRemoveDeadCode,1395,0,282,0,378,0,176,0,28,0
AlgorithmName2,com.google.javascript.jscomp,FlowSensitiveInlineVariables.Candidate,249,0,34,0,65,0,22,0,5,0
AlgorithmName2,com.google.javascript.jscomp,DefaultPassConfig.new PassFactory() {...},16,0,0,0,2,0,2,0,2,0
AlgorithmName2,com.google.javascript.jscomp,PrintStreamErrorManager,107,0,12,0,20,0,11,0,5,0
AlgorithmName2,com.google.javascript.jscomp,MustBeReachingVariableDef.MustDefJoin,97,0,12,0,21,0,7,0,1,0
AlgorithmName2,com.google.javascript.jscomp,DefaultPassConfig.new PassFactory() {...},13,0,0,0,2,0,2,0,2,0
AlgorithmName2,com.google.javascript.jscomp,DefaultPassConfig.new PassFactory() {...},17,0,0,0,2,0,2,0,2,0
AlgorithmName2,com.google.javascript.jscomp,MaybeReachingVariableUse.ReachingUsesJoinOp,23,0,2,0,5,0,2,0,1,0
AlgorithmName2,com.google.javascript.jscomp,DefaultPassConfig.new PassFactory() {...},14,0,0,0,2,0,2,0,2,0
AlgorithmName2,com.google.javascript.jscomp,DefaultPassConfig.new PassFactory() {...},14,0,0,0,2,0,2,0,2,0
AlgorithmName2,com.google.javascript.jscomp,DefaultPassConfig.new PassFactory() {...},13,0,0,0,2,0,2,0,2,0
AlgorithmName2,com.google.javascript.jscomp,JsMessage.PlaceholderReference,57,0,6,0,11,0,11,0,8,0
AlgorithmName2,com.google.javascript.jscomp,DefaultPassConfig.new PassFactory() {...},21,0,0,0,2,0,2,0,2,0
AlgorithmName2,com.google.javascript.jscomp,AstParallelizer,171,0,10,0,47,0,12,0,7,0
AlgorithmName2,com.google.javascript.jscomp,ProcessDefines.CollectDefines.RefInfo,9,0,0,0,4,0,1,0,1,0
AlgorithmName2,com.google.javascript.jscomp.deps,JsFileLineParser.ParseException,10,0,0,0,4,0,2,0,2,0
AlgorithmName2,com.google.javascript.jscomp.deps,JsFunctionParser,167,0,16,0,36,0,14,0,6,0
AlgorithmName2,com.google.javascript.jscomp.deps,SortedDependencies.CircularDependencyException,4,0,0,0,2,0,1,0,1,0
AlgorithmName2,com.google.javascript.jscomp.deps,JsFileParser,150,0,18,0,29,0,15,0,6,0
AlgorithmName2,com.google.javascript.jscomp.deps,DepsFileParser,160,0,14,0,31,0,13,0,6,0
AlgorithmName2,com.google.javascript.jscomp.deps,SortedDependencies.new Comparator() {...},20,0,0,0,3,0,2,0,2,0
AlgorithmName2,com.google.javascript.jscomp.deps,SortedDependencies,429,0,50,0,96,0,35,0,10,0
AlgorithmName2,com.google.javascript.jscomp.deps,JsFunctionParser.SymbolInfo,9,0,0,0,4,0,1,0,1,0
AlgorithmName2,com.google.javascript.jscomp.deps,SimpleDependencyInfo,90,0,10,0,18,0,12,0,7,0
AlgorithmName2,com.google.javascript.jscomp.deps,JsFileLineParser,360,0,50,0,81,0,32,0,7,0
AlgorithmName2,com.google.javascript.jscomp.deps,SortedDependencies.MissingProvideException,4,0,0,0,2,0,1,0,1,0
AlgorithmName2,com.google.debugging.sourcemap.proto,Mapping.OriginalMapping.Builder,338,0,34,0,93,0,48,0,29,0
AlgorithmName2,com.google.debugging.sourcemap.proto,Mapping.LineMapping.Builder,345,0,35,0,94,0,46,0,27,0
AlgorithmName2,com.google.debugging.sourcemap.proto,Mapping.OriginalMapping,268,0,22,0,80,0,44,0,33,0
AlgorithmName2,com.google.debugging.sourcemap.proto,Mapping.new Descriptors.FileDescriptor.InternalDescriptorAssigner() {...},70,0,0,0,11,0,2,0,2,0
AlgorithmName2,com.google.debugging.sourcemap.proto,Mapping,21,0,0,0,8,0,4,0,4,0
AlgorithmName2,com.google.debugging.sourcemap.proto,Mapping.LineMapping,235,0,18,0,72,0,40,0,31,0
AlgorithmName2,com.google.javascript.jscomp.parsing,Annotation,580,0,0,0,93,0,1,0,1,0
AlgorithmName2,com.google.javascript.jscomp.parsing,JsDocTokenStream,758,0,132,0,200,0,98,0,24,0
AlgorithmName2,com.google.javascript.jscomp.parsing,JsDocInfoParser.ExtractionInfo,9,0,0,0,4,0,1,0,1,0
AlgorithmName2,com.google.javascript.jscomp.parsing,JsDocInfoParser.ExtendedTypeInfo,12,0,0,0,5,0,1,0,1,0
AlgorithmName2,com.google.javascript.jscomp.parsing,JsDocInfoParser.State,34,0,0,0,4,0,1,0,1,0
AlgorithmName2,com.google.javascript.jscomp.parsing,NullErrorReporter,12,0,0,0,4,0,4,0,4,0
AlgorithmName2,com.google.javascript.jscomp.parsing,JsDocInfoParser.WhitespaceOption,34,0,0,0,4,0,1,0,1,0
AlgorithmName2,com.google.javascript.jscomp.parsing,Config.LanguageMode,34,0,0,0,4,0,1,0,1,0
AlgorithmName2,com.google.javascript.jscomp.parsing,NullErrorReporter.NewRhinoNullReporter,9,0,0,0,2,0,2,0,2,0
AlgorithmName2,com.google.javascript.jscomp.parsing,JsDocInfoParser,3551,0,589,0,978,0,385,0,59,0
AlgorithmName2,com.google.javascript.jscomp.parsing,IRFactory.TransformDispatcher,1465,0,136,0,339,0,124,0,56,0
AlgorithmName2,com.google.javascript.jscomp.parsing,NullErrorReporter.OldRhinoNullReporter,9,0,0,0,2,0,2,0,2,0
AlgorithmName2,com.google.javascript.jscomp.parsing,Config,51,0,4,0,15,0,4,0,2,0
AlgorithmName2,com.google.javascript.jscomp.parsing,IRFactory,764,0,142,0,226,0,143,0,26,0
AlgorithmName2,com.google.javascript.jscomp.parsing,ParserRunner,163,0,14,0,40,0,13,0,6,0
AlgorithmName2,com.google.javascript.jscomp.parsing,TypeSafeDispatcher,315,0,54,0,64,0,47,0,2,0
AlgorithmName2,com.google.javascript.jscomp.parsing,JsDocToken,214,0,0,0,22,0,1,0,1,0
AlgorithmName2,com.google.javascript.jscomp.parsing,JsDocInfoParser.ErrorReporterParser,74,0,0,0,15,0,5,0,5,0
AlgorithmName2,com.google.javascript.rhino,Kit,554,0,88,0,164,0,60,0,16,0
AlgorithmName2,com.google.javascript.rhino,JSDocInfo.LazilyInitializedDocumentation,33,0,0,0,11,0,1,0,1,0
AlgorithmName2,com.google.javascript.rhino,SourcePosition,50,0,0,0,18,0,8,0,8,0
AlgorithmName2,com.google.javascript.rhino,TokenStream,3164,0,699,0,873,0,444,0,42,0
AlgorithmName2,com.google.javascript.rhino,JSDocInfo,1344,0,222,0,339,0,233,0,122,0
AlgorithmName2,com.google.javascript.rhino,Context,850,0,154,0,229,0,139,0,57,0
AlgorithmName2,com.google.javascript.rhino,RhinoException.new FilenameFilter() {...},10,0,0,0,2,0,2,0,2,0
AlgorithmName2,com.google.javascript.rhino,ObjToIntMap,762,0,112,0,182,0,79,0,23,0
AlgorithmName2,com.google.javascript.rhino,EcmaError,46,0,0,0,12,0,8,0,8,0
AlgorithmName2,com.google.javascript.rhino,ObjArray,794,0,146,0,177,0,114,0,28,0
AlgorithmName2,com.google.javascript.rhino,Parser,4570,0,418,0,1188,0,301,0,64,0
AlgorithmName2,com.google.javascript.rhino,RhinoException,202,0,38,0,59,0,37,0,18,0
AlgorithmName2,com.google.javascript.rhino,ObjToIntMap.Iterator,107,0,12,0,28,0,14,0,8,0
AlgorithmName2,com.google.javascript.rhino,Node.StringNode,73,0,10,0,20,0,12,0,7,0
AlgorithmName2,com.google.javascript.rhino,Token,335,0,163,0,165,0,164,0,2,0
AlgorithmName2,com.google.javascript.rhino,FunctionNode,28,0,0,0,10,0,6,0,6,0
AlgorithmName2,com.google.javascript.rhino,ScriptRuntime,991,0,196,0,239,0,139,0,34,0
AlgorithmName2,com.google.javascript.rhino,JSDocInfo.Marker,15,0,0,0,5,0,1,0,1,0
AlgorithmName2,com.google.javascript.rhino,UniqueTag,64,0,8,0,20,0,10,0,4,0
AlgorithmName2,com.google.javascript.rhino,JSDocInfo.Visibility,44,0,0,0,5,0,1,0,1,0
AlgorithmName2,com.google.javascript.rhino,JSDocInfoBuilder,937,0,178,0,279,0,151,0,62,0
AlgorithmName2,com.google.javascript.rhino,JavaScriptException,15,0,0,0,5,0,2,0,2,0
AlgorithmName2,com.google.javascript.rhino,Decompiler,1303,0,216,0,373,0,173,0,20,0
AlgorithmName2,com.google.javascript.rhino,UintMap,879,0,152,0,205,0,96,0,20,0
AlgorithmName2,com.google.javascript.rhino,Node.SideEffectFlags,75,0,2,0,28,0,14,0,13,0
AlgorithmName2,com.google.javascript.rhino,Node.FileLevelJsDocBuilder,39,0,4,0,10,0,4,0,2,0
AlgorithmName2,com.google.javascript.rhino,Node.NumberNode,40,0,4,0,11,0,7,0,5,0
AlgorithmName2,com.google.javascript.rhino,JSDocInfo.TypePosition,6,0,0,0,2,0,1,0,1,0
AlgorithmName2,com.google.javascript.rhino,CompilerEnvirons,193,0,6,0,70,0,30,0,27,0
AlgorithmName2,com.google.javascript.rhino,IRFactory,981,0,119,0,221,0,113,0,53,0
AlgorithmName2,com.google.javascript.rhino,Kit.ComplexKey,48,0,8,0,11,0,7,0,3,0
AlgorithmName2,com.google.javascript.rhino,JSDocInfo.LazilyInitializedInfo,42,0,0,0,14,0,1,0,1,0
AlgorithmName2,com.google.javascript.rhino,Node,2866,0,549,0,813,0,488,0,124,0
AlgorithmName2,com.google.javascript.rhino,DToA,2484,0,432,0,586,0,236,0,16,0
AlgorithmName2,com.google.javascript.rhino,Node.PropListItem,29,0,0,0,10,0,3,0,3,0
AlgorithmName2,com.google.javascript.rhino,Node.AncestorIterable.new Iterator() {...},39,0,4,0,7,0,6,0,4,0
AlgorithmName2,com.google.javascript.rhino,Node.SiblingNodeIterable,55,0,6,0,15,0,8,0,5,0
AlgorithmName2,com.google.javascript.rhino,ScriptOrFnNode,428,0,46,0,100,0,54,0,31,0
AlgorithmName2,com.google.javascript.rhino,Node.AncestorIterable,11,0,0,0,4,0,2,0,2,0
AlgorithmName2,com.google.javascript.rhino,JSTypeExpression,77,0,12,0,14,0,14,0,8,0
AlgorithmName2,com.google.javascript.rhino,Node.NodeMismatch,47,0,6,0,9,0,6,0,3,0
AlgorithmName2,com.google.javascript.rhino,JSDocInfo.StringPosition,3,0,0,0,1,0,1,0,1,0
AlgorithmName2,com.google.javascript.rhino,EvaluatorException,22,0,0,0,7,0,3,0,3,0
AlgorithmName2,com.google.javascript.rhino,SimpleErrorReporter,92,0,12,0,24,0,13,0,7,0
AlgorithmName2,com.example.algorithm2,Algorithm2,42,0,8,0,9,0,7,0,3,0
AlgorithmName2,com.google.javascript.rhino.jstype,TernaryValue,40,0,2,0,5,0,3,0,2,0
AlgorithmName2,com.google.javascript.rhino.jstype,UnresolvedTypeExpression,23,0,0,0,6,0,2,0,2,0
AlgorithmName2,com.google.javascript.rhino.jstype,NamedType,490,0,88,0,126,0,65,0,21,0
AlgorithmName2,com.google.javascript.rhino.jstype,NoObjectType,88,0,10,0,28,0,27,0,22,0
AlgorithmName2,com.google.javascript.rhino.jstype,NumberType,49,0,6,0,19,0,15,0,12,0
AlgorithmName2,com.google.javascript.rhino.jstype,RecordTypeBuilder.RecordProperty,15,0,0,0,6,0,3,0,3,0
AlgorithmName2,com.google.javascript.rhino.jstype,VoidType,49,0,6,0,17,0,14,0,11,0
AlgorithmName2,com.google.javascript.rhino.jstype,RecordType,513,0,84,0,117,0,53,0,11,0
AlgorithmName2,com.google.javascript.rhino.jstype,AllType,31,0,0,0,14,0,13,0,13,0
AlgorithmName2,com.google.javascript.rhino.jstype,SimpleSlot,21,0,0,0,8,0,4,0,4,0
AlgorithmName2,com.google.javascript.rhino.jstype,FunctionType.Kind,34,0,0,0,4,0,1,0,1,0
AlgorithmName2,com.google.javascript.rhino.jstype,RecordTypeBuilder,49,0,4,0,13,0,5,0,3,0
AlgorithmName2,com.google.javascript.rhino.jstype,PrototypeObjectType,736,0,158,0,196,0,113,0,34,0
AlgorithmName2,com.google.javascript.rhino.jstype,ProxyObjectType,374,0,46,0,88,0,77,0,54,0
AlgorithmName2,com.google.javascript.rhino.jstype,NamedType.PropertyContinuation,32,0,0,0,9,0,2,0,2,0
AlgorithmName2,com.google.javascript.rhino.jstype,UnionTypeBuilder,256,0,60,0,70,0,37,0,7,0
AlgorithmName2,com.google.javascript.rhino.jstype,ValueType,12,0,0,0,5,0,4,0,4,0
AlgorithmName2,com.google.javascript.rhino.jstype,BooleanType,52,0,8,0,20,0,16,0,12,0
AlgorithmName2,com.google.javascript.rhino.jstype,FunctionBuilder,163,0,0,0,48,0,15,0,15,0
AlgorithmName2,com.google.javascript.rhino.jstype,PrototypeObjectType.Property,18,0,0,0,7,0,1,0,1,0
AlgorithmName2,com.google.javascript.rhino.jstype,FunctionType,1674,0,318,0,398,0,221,0,62,0
AlgorithmName2,com.google.javascript.rhino.jstype,UnionType,897,0,148,0,220,0,106,0,32,0
AlgorithmName2,com.google.javascript.rhino.jstype,FunctionParamBuilder,150,0,22,0,34,0,20,0,9,0
AlgorithmName2,com.google.javascript.rhino.jstype,JSTypeRegistry,2421,0,143,0,548,0,155,0,78,0
AlgorithmName2,com.google.javascript.rhino.jstype,ArrowType,297,0,70,0,88,0,48,0,13,0
AlgorithmName2,com.google.javascript.rhino.jstype,InstanceObjectType,202,0,44,0,38,0,43,0,21,0
AlgorithmName2,com.google.javascript.rhino.jstype,ObjectType,296,0,46,0,91,0,56,0,33,0
AlgorithmName2,com.google.javascript.rhino.jstype,ParameterizedType,11,0,0,0,4,0,2,0,2,0
AlgorithmName2,com.google.javascript.rhino.jstype,JSTypeNative,554,0,0,0,56,0,1,0,1,0
AlgorithmName2,com.google.javascript.rhino.jstype,NoType,25,0,0,0,12,0,11,0,11,0
AlgorithmName2,com.google.javascript.rhino.jstype,TernaryValue.new TernaryValue() {...},30,0,4,0,7,0,9,0,7,0
AlgorithmName2,com.google.javascript.rhino.jstype,TernaryValue.new TernaryValue() {...},18,0,0,0,7,0,7,0,7,0
AlgorithmName2,com.google.javascript.rhino.jstype,TernaryValue.new TernaryValue() {...},19,0,0,0,7,0,7,0,7,0
AlgorithmName2,com.google.javascript.rhino.jstype,FunctionPrototypeType,62,0,8,0,15,0,12,0,8,0
AlgorithmName2,com.google.javascript.rhino.jstype,JSTypeRegistry.ResolveMode,34,0,0,0,4,0,1,0,1,0
AlgorithmName2,com.google.javascript.rhino.jstype,TemplateType,18,0,0,0,6,0,4,0,4,0
AlgorithmName2,com.google.javascript.rhino.jstype,StringType,47,0,6,0,18,0,14,0,11,0
AlgorithmName2,com.google.javascript.rhino.jstype,UnknownType,66,0,2,0,29,0,28,0,27,0
AlgorithmName2,com.google.javascript.rhino.jstype,BooleanLiteralSet,116,0,14,0,21,0,16,0,6,0
AlgorithmName2,com.google.javascript.rhino.jstype,IndexedType,11,0,0,0,4,0,2,0,2,0
AlgorithmName2,com.google.javascript.rhino.jstype,JSType,825,0,158,0,215,0,163,0,83,0
AlgorithmName2,com.google.javascript.rhino.jstype,EnumType,123,0,10,0,26,0,21,0,16,0
AlgorithmName2,com.google.javascript.rhino.jstype,JSType.TypePair,9,0,0,0,4,0,1,0,1,0
AlgorithmName2,com.google.javascript.rhino.jstype,ErrorFunctionType,40,0,0,0,8,0,1,0,1,0
AlgorithmName2,com.google.javascript.rhino.jstype,NoResolvedType,27,0,4,0,9,0,8,0,6,0
AlgorithmName2,com.google.javascript.rhino.jstype,JSTypeRegistry.new FunctionType() {...},19,0,0,0,2,0,2,0,2,0
AlgorithmName2,com.google.javascript.rhino.jstype,JSType.new Comparator() {...},9,0,0,0,2,0,2,0,2,0
AlgorithmName2,com.google.javascript.rhino.jstype,EnumElementType,218,0,26,0,57,0,43,0,30,0
AlgorithmName2,com.google.javascript.rhino.jstype,NullType,55,0,10,0,20,0,17,0,12,0
AlgorithmName2,com.google.javascript.rhino.jstype,UnionTypeBuilder.new Comparator() {...},9,0,0,0,2,0,2,0,2,0
AlgorithmName2,com.google.javascript.jscomp.regex,RegExpTree.DecomposedCharset,352,0,79,0,69,0,49,0,7,0
AlgorithmName2,com.google.javascript.jscomp.regex,RegExpTree.Concatenation.new Object() {...},199,0,32,0,47,0,19,0,3,0
AlgorithmName2,com.google.javascript.jscomp.regex,RegExpTree.RegExpTreeAtom,11,0,0,0,5,0,5,0,5,0
AlgorithmName2,com.google.javascript.jscomp.regex,RegExpTree.Charset,381,0,42,0,89,0,32,0,11,0
AlgorithmName2,com.google.javascript.jscomp.regex,CharRanges,1039,0,142,0,188,0,91,0,20,0
AlgorithmName2,com.google.javascript.jscomp.regex,RegExpTree.Alternation,392,0,72,0,87,0,47,0,10,0
AlgorithmName2,com.google.javascript.jscomp.regex,RegExpTree.Empty,17,0,0,0,7,0,7,0,7,0
AlgorithmName2,com.google.javascript.jscomp.regex,RegExpTree.BackReference,49,0,8,0,11,0,10,0,6,0
AlgorithmName2,com.google.javascript.jscomp.regex,CaseCanonicalize,9125,0,26,0,220,0,18,0,5,0
AlgorithmName2,com.google.javascript.jscomp.regex,RegExpTree.WordBoundary,40,0,4,0,10,0,8,0,6,0
AlgorithmName2,com.google.javascript.jscomp.regex,RegExpTree.CapturingGroup,62,0,4,0,16,0,12,0,10,0
AlgorithmName2,com.google.javascript.jscomp.regex,RegExpTree.Anchor,40,0,4,0,9,0,9,0,7,0
AlgorithmName2,com.google.javascript.jscomp.regex,RegExpTree,510,0,35,0,83,0,29,0,9,0
AlgorithmName2,com.google.javascript.jscomp.regex,RegExpTree.new Object() {...},1097,0,179,0,233,0,108,0,10,0
AlgorithmName2,com.google.javascript.jscomp.regex,RegExpTree.LookaheadAssertion,102,0,14,0,23,0,17,0,10,0
AlgorithmName2,com.google.javascript.jscomp.regex,CaseCanonicalize.DeltaSet,9,0,0,0,4,0,1,0,1,0
AlgorithmName2,com.google.javascript.jscomp.regex,RegExpTree.Concatenation,243,0,45,0,55,0,34,0,11,0
AlgorithmName2,com.google.javascript.jscomp.regex,RegExpTree.Repetition,485,0,106,0,97,0,67,0,13,0
AlgorithmName2,com.google.javascript.jscomp.regex,RegExpTree.Text,144,0,25,0,31,0,21,0,8,0
AlgorithmName2,com.google.javascript.jscomp.ant,CompileTask,546,0,40,0,132,0,44,0,24,0
AlgorithmName2,com.google.javascript.jscomp.ant,AntErrorManager,84,0,7,0,17,0,7,0,3,0
AlgorithmName2,com.google.debugging.sourcemap,Base64VLQ,97,0,14,0,24,0,11,0,4,0
AlgorithmName2,com.google.debugging.sourcemap,SourceMapConsumerV3.MappingBuilder,319,0,32,0,65,0,24,0,7,0
AlgorithmName2,com.google.debugging.sourcemap,SourceMapConsumerV1.LineFragment,42,0,4,0,10,0,5,0,3,0
AlgorithmName2,com.google.debugging.sourcemap,SourceMapConsumerV3.DefaultSourceMapSupplier,5,0,0,0,2,0,2,0,2,0
AlgorithmName2,com.google.debugging.sourcemap,SourceMapGeneratorV3.MappingTraversal,238,0,42,0,47,0,29,0,8,0
AlgorithmName2,com.google.debugging.sourcemap,FilePosition,15,0,0,0,6,0,3,0,3,0
AlgorithmName2,com.google.debugging.sourcemap,SourceMapGeneratorFactory,28,0,4,0,7,0,6,0,3,0
AlgorithmName2,com.google.debugging.sourcemap,SourceMapGeneratorV3.UsedMappingCheck,12,0,2,0,4,0,3,0,2,0
AlgorithmName2,com.google.debugging.sourcemap,SourceMapGeneratorV2.MappingTraversal,238,0,42,0,47,0,29,0,8,0
AlgorithmName2,com.google.debugging.sourcemap,SourceMapGeneratorV3.Mapping,9,0,0,0,3,0,1,0,1,0
AlgorithmName2,com.google.debugging.sourcemap,SourceMapGeneratorV2.LineMapper,149,0,16,0,36,0,14,0,6,0
AlgorithmName2,com.google.debugging.sourcemap,SourceMapConsumerV3.UnmappedEntry,17,0,0,0,8,0,6,0,6,0
AlgorithmName2,com.google.debugging.sourcemap,SourceMapGeneratorV1.Mapping,9,0,0,0,3,0,1,0,1,0
AlgorithmName2,com.google.debugging.sourcemap,SourceMapGeneratorV2.LineMapEncoder,218,0,28,0,44,0,19,0,5,0
AlgorithmName2,com.google.debugging.sourcemap,SourceMapConsumerV1.ParseState,81,0,8,0,21,0,9,0,5,0
AlgorithmName2,com.google.debugging.sourcemap,SourceMapGeneratorV2.MappingWriter,99,0,8,0,23,0,7,0,3,0
AlgorithmName2,com.google.debugging.sourcemap,SourceMapConsumerV1.FileName,12,0,0,0,4,0,1,0,1,0
AlgorithmName2,com.google.debugging.sourcemap,SourceMapLineDecoder.StringParser,38,0,2,0,7,0,5,0,4,0
AlgorithmName2,com.google.debugging.sourcemap,Util,316,0,35,0,55,0,27,0,6,0
AlgorithmName2,com.google.debugging.sourcemap,SourceMapGeneratorV2.UsedMappingCheck,12,0,2,0,4,0,3,0,2,0
AlgorithmName2,com.google.debugging.sourcemap,SourceMapConsumerV3.NamedEntry,13,0,0,0,4,0,2,0,2,0
AlgorithmName2,com.google.debugging.sourcemap,SourceMapGeneratorV2.Mapping,9,0,0,0,3,0,1,0,1,0
AlgorithmName2,com.google.debugging.sourcemap,SourceMapGeneratorV1.MappingTraversal,238,0,42,0,47,0,29,0,8,0
AlgorithmName2,com.google.debugging.sourcemap,SourceMapGeneratorV3.ConsumerEntryVisitor,15,0,0,0,3,0,2,0,2,0
AlgorithmName2,com.google.debugging.sourcemap,SourceMapConsumerV3.StringCharIterator,39,0,2,0,8,0,5,0,4,0
AlgorithmName2,com.google.debugging.sourcemap,SourceMapSection,21,0,0,0,8,0,4,0,4,0
AlgorithmName2,com.google.debugging.sourcemap,SourceMapLineDecoder,163,0,14,0,41,0,13,0,6,0
AlgorithmName2,com.google.debugging.sourcemap,Base64,60,0,8,0,10,0,7,0,3,0
AlgorithmName2,com.google.debugging.sourcemap,SourceMapGeneratorV1.LineMapper,126,0,20,0,37,0,16,0,6,0
AlgorithmName2,com.google.debugging.sourcemap,SourceMapGeneratorV3,668,0,46,0,176,0,44,0,21,0
AlgorithmName2,com.google.debugging.sourcemap,SourceMapGeneratorV1,354,0,34,0,81,0,27,0,10,0
AlgorithmName2,com.google.debugging.sourcemap,SourceMapGeneratorV2,582,0,42,0,152,0,40,0,19,0
AlgorithmName2,com.google.debugging.sourcemap,SourceMapConsumerV1.SourceFile.Builder,63,0,0,0,16,0,9,0,9,0
AlgorithmName2,com.google.debugging.sourcemap,SourceMapGeneratorV1.UsedMappingCheck,12,0,2,0,4,0,3,0,2,0
AlgorithmName2,com.google.debugging.sourcemap,SourceMapConsumerV3,613,0,70,0,144,0,48,0,13,0
AlgorithmName2,com.google.debugging.sourcemap,SourceMapConsumerV2,275,0,28,0,68,0,19,0,5,0
AlgorithmName2,com.google.debugging.sourcemap,SourceMapConsumerV1,565,0,62,0,152,0,40,0,9,0
AlgorithmName2,com.google.debugging.sourcemap,SourceMapParseException,4,0,0,0,2,0,1,0,1,0
AlgorithmName2,com.google.debugging.sourcemap,SourceMapConsumerFactory,81,0,7,0,19,0,6,0,2,0
AlgorithmName2,com.google.debugging.sourcemap,SourceMapConsumerV3.UnnamedEntry,24,0,0,0,9,0,5,0,5,0
AlgorithmName2,com.google.debugging.sourcemap,SourceMapGeneratorV3.LineMapper,183,0,22,0,48,0,17,0,6,0
AlgorithmName2,com.google.debugging.sourcemap,SourceMapLineDecoder.LineEntry,9,0,0,0,4,0,1,0,1,0
AlgorithmName2,com.google.debugging.sourcemap,SourceMapGeneratorV1.MappingWriter,117,0,10,0,31,0,8,0,3,0
AlgorithmName2,com.google.debugging.sourcemap,SourceMapFormat,44,0,0,0,5,0,1,0,1,0
AlgorithmName2,com.google.debugging.sourcemap,SourceMapConsumerV1.SourceFile,128,0,6,0,31,0,9,0,6,0
AlgorithmName2,com.google.javascript.jscomp.graph,StandardUnionFind,257,0,20,0,55,0,21,0,11,0
AlgorithmName2,com.google.javascript.jscomp.graph,LinkedUndirectedGraph,491,0,58,0,112,0,57,0,28,0
AlgorithmName2,com.google.javascript.jscomp.graph,DiGraph,33,0,8,0,4,0,7,0,3,0
AlgorithmName2,com.google.javascript.jscomp.graph,GraphColoring,39,0,2,0,11,0,4,0,3,0
AlgorithmName2,com.google.javascript.jscomp.graph,LinkedUndirectedGraph.LinkedUndirectedGraphNode,56,0,2,0,14,0,11,0,10,0
AlgorithmName2,com.google.javascript.jscomp.graph,Graph.GraphAnnotationState,4,0,0,0,2,0,1,0,1,0
AlgorithmName2,com.google.javascript.jscomp.graph,Graph.AnnotationState,9,0,0,0,4,0,1,0,1,0
AlgorithmName2,com.google.javascript.jscomp.graph,LinkedDirectedGraph.LinkedDirectedGraphEdge,81,0,2,0,21,0,16,0,15,0
AlgorithmName2,com.google.javascript.jscomp.graph,LinkedUndirectedGraph.AnnotatedLinkedUndirectedGraphEdge,13,0,0,0,5,0,3,0,3,0
AlgorithmName2,com.google.javascript.jscomp.graph,LinkedDirectedGraph.LinkedDirectedGraphNode,61,0,2,0,16,0,12,0,11,0
AlgorithmName2,com.google.javascript.jscomp.graph,LinkedUndirectedGraph.LinkedUndirectedGraphEdge,67,0,2,0,15,0,12,0,11,0
AlgorithmName2,com.google.javascript.jscomp.graph,LinkedUndirectedGraph.AnnotatedLinkedUndirectedGraphNode,11,0,0,0,5,0,3,0,3,0
AlgorithmName2,com.google.javascript.jscomp.graph,LinkedDirectedGraph,586,0,46,0,132,0,59,0,36,0
AlgorithmName2,com.google.javascript.jscomp.graph,UndiGraph,3,0,0,0,1,0,1,0,1,0
AlgorithmName2,com.google.javascript.jscomp.graph,GraphReachability,94,0,10,0,25,0,11,0,6,0
AlgorithmName2,com.google.javascript.jscomp.graph,GraphReachability.EdgeTuple,12,0,0,0,5,0,1,0,1,0
AlgorithmName2,com.google.javascript.jscomp.graph,StandardUnionFind.Node,15,0,0,0,6,0,1,0,1,0
AlgorithmName2,com.google.javascript.jscomp.graph,StandardUnionFind.new Predicate() {...},54,0,6,0,9,0,5,0,2,0
AlgorithmName2,com.google.javascript.jscomp.graph,StandardUnionFind.new AbstractSet() {...},39,0,0,0,4,0,4,0,4,0
AlgorithmName2,com.google.javascript.jscomp.graph,GraphColoring.GreedyGraphColoring,74,0,6,0,23,0,6,0,3,0
AlgorithmName2,com.google.javascript.jscomp.graph,GraphPruner,180,0,24,0,39,0,15,0,3,0
AlgorithmName2,com.google.javascript.jscomp.graph,GraphColoring.GreedyGraphColoring.new Comparator() {...},37,0,4,0,5,0,4,0,2,0
AlgorithmName2,com.google.javascript.jscomp.graph,FixedPointGraphTraversal,143,0,14,0,33,0,12,0,5,0
AlgorithmName2,com.google.javascript.jscomp.graph,GraphReachability.new Annotation() {...},3,0,0,0,1,0,1,0,1,0
AlgorithmName2,com.google.javascript.jscomp.graph,LinkedDirectedGraph.LinkedDirectedGraphNode.NeighborIterator,63,0,10,0,9,0,9,0,4,0
AlgorithmName2,com.google.javascript.jscomp.graph,Graph.SimpleSubGraph,50,0,4,0,12,0,5,0,3,0
AlgorithmName2,com.google.javascript.jscomp.graph,LinkedDirectedGraph.AnnotatedLinkedDirectedGraphNode,11,0,0,0,5,0,3,0,3,0
AlgorithmName2,com.google.javascript.jscomp.graph,GraphColoring.Color,27,0,4,0,8,0,5,0,3,0
AlgorithmName2,com.google.javascript.jscomp.graph,LinkedDirectedGraph.AnnotatedLinkedDirectedGraphEdge,13,0,0,0,5,0,3,0,3,0
AlgorithmName2,com.google.javascript.jscomp.graph,Graph,173,0,18,0,42,0,22,0,13,0
AlgorithmName2,com.google.javascript.jscomp.graph,LinkedUndirectedGraph.LinkedUndirectedGraphNode.NeighborIterator,37,0,2,0,9,0,5,0,4,0
